model,epoch,learning_rate,epoch_seconds,train_pixel_accuracy,train_mean_class_accuracy,train_mIoU_all,train_mIoU_foreground,train_fwIoU,train_macro_precision,train_macro_recall,train_macro_specificity,train_macro_f1,train_macro_dice,train_loss,train_cross_entropy,train_dice_loss,val_pixel_accuracy,val_mean_class_accuracy,val_mIoU_all,val_mIoU_foreground,val_fwIoU,val_macro_precision,val_macro_recall,val_macro_specificity,val_macro_f1,val_macro_dice,val_loss,val_cross_entropy,val_dice_loss
BiSeNetV2,1,0.0003,90.412588776,0.8045887802586411,0.4825849897664802,0.3603073889556307,0.3212546864477465,0.7110726315968359,0.38987344049757994,0.45159478709383166,0.9830521239648916,0.4115448008817531,0.4115448008821871,0.8892478346824646,0.9546766877174377,0.6929612159729004,0.7992777099609375,0.5276326508246041,0.3759522189352787,0.33729982066983016,0.7060923971538098,0.4247467476798222,0.5006364252919392,0.9820655850753891,0.4356935055327005,0.43569350553308456,0.7805935144424438,0.8208073377609253,0.659952700138092
BiSeNetV2,2,0.0003,89.11328460599998,0.871666260581603,0.6373813033426152,0.4704545910763968,0.43694770407866396,0.8031917246193719,0.5144168119217999,0.6163967720750839,0.9890120319152018,0.5436007332957505,0.5436007332961857,0.5532243251800537,0.5518865585327148,0.5572376847267151,0.8915891520182292,0.6774303005750807,0.5100330594939481,0.4791300950504538,0.8282171435436182,0.5630356389491865,0.6591440461648519,0.990773623445147,0.5890744207927879,0.5890744207932264,0.4811294376850128,0.4594114422798157,0.5462837815284729
BiSeNetV2,3,0.0003,89.38154144500004,0.8870890340278068,0.700998962018311,0.5134283171459022,0.48277523328666466,0.8242110152198017,0.5488134474122414,0.6847200174987614,0.9903678189072345,0.5952351811726141,0.5952351811730523,0.4615132212638855,0.4495641887187958,0.49736011028289795,0.8853392944335937,0.7266259902303875,0.5229739906176312,0.4931197205521222,0.8300195293838425,0.5608515747209966,0.7122217519363394,0.9904730458597553,0.6032703262576153,0.6032703262580431,0.4464910924434662,0.4208155572414398,0.5235171914100647
BiSeNetV2,4,0.0003,89.96541047999995,0.8951421999463848,0.7281257628252195,0.5371070395144026,0.5080718270264658,0.8351635939943944,0.572312108664879,0.7138149600304379,0.9910723654596212,0.6212285004897263,0.6212285004901651,0.4159102439880371,0.4002280831336975,0.4629569351673126,0.8853167317708334,0.7255749746585232,0.5279554657058884,0.498444463598348,0.8215465135813764,0.5706388311993348,0.7117038701148509,0.9900862883703786,0.6156893027438787,0.6156893027443154,0.44172215461730957,0.41946640610694885,0.5084896683692932
BiSeNetV2,5,0.0003,89.16409434100001,0.9007607798312862,0.7461176231654494,0.5559287056152568,0.5281614565495176,0.8426065589162404,0.5920800301903836,0.7330355324152446,0.9915628807746831,0.6411101967174374,0.6411101967178771,0.38442954421043396,0.3667480945587158,0.43747445940971375,0.9028131306966146,0.7546131768066215,0.5600864287516,0.5323549868363625,0.846592202611772,0.5953023199291709,0.741886890026971,0.9918193911769353,0.6449123556575248,0.6449123556579633,0.38031965494155884,0.34808769822120667,0.4770156145095825
BiSeNetV2,6,0.0003,89.91054214099995,0.9052817128771342,0.7572177227186769,0.5680621161706026,0.5411157633677465,0.8489813796328747,0.6036312305365149,0.7449035450857678,0.9919583915436206,0.6528984567810914,0.6528984567815316,0.36106419563293457,0.34197965264320374,0.4183180034160614,0.907849589029948,0.7643062272525584,0.5711521431941567,0.5442003656624018,0.8534666593404429,0.6039677278780727,0.752270472592628,0.9922319444510953,0.6547361827005252,0.6547361827009636,0.3636860251426697,0.32888221740722656,0.46809762716293335
BiSeNetV2,7,0.0003,89.01776707699992,0.9079603579380083,0.7641871793821019,0.5760817349116297,0.5496354892145704,0.8527082031055687,0.6113177466923166,0.7522964121802009,0.9921927858162172,0.6607334445501264,0.6607334445505669,0.34571340680122375,0.3270673453807831,0.40165168046951294,0.9093843587239583,0.767901976369781,0.5780589725635257,0.5516393343849384,0.8561292147421491,0.6167991995220173,0.7561743773576867,0.9923663867908027,0.6618374217171572,0.6618374217175947,0.3404318392276764,0.3131973445415497,0.42213553190231323
BiSeNetV2,8,0.0003,90.8154072530001,0.9104931333273277,0.7726211282476717,0.5849693497711651,0.55916621433221,0.8563924917193259,0.6196318381442055,0.7613750679004544,0.9924080800022518,0.6692521564888289,0.6692521564892694,0.3275710940361023,0.3123074769973755,0.3733619451522827,0.9153526611328126,0.7762121001952212,0.5893916403902533,0.5634657919930153,0.8645554367753293,0.6246918976530812,0.7645875339373674,0.9929312929757884,0.6719382229548071,0.6719382229552462,0.32189759612083435,0.3012917935848236,0.38371527194976807
BiSeNetV2,9,0.0003,90.46516643699988,0.9126680139551826,0.7798708113317842,0.5924204262061676,0.567149200347701,0.8593310386448557,0.6260591191360085,0.7691337788863217,0.992603868384404,0.6764169636555694,0.6764169636560102,0.31308451294898987,0.2992210388183594,0.3546748459339142,0.9143873291015625,0.7839954811251153,0.5966451559225885,0.5716980868645501,0.8630627149644513,0.6301906208715168,0.7737660073653673,0.9927070534663814,0.678850760926608,0.6788507609270465,0.3124052882194519,0.2906741499900818,0.3775990307331085
BiSeNetV2,10,0.0003,90.40219865599988,0.9143628887101716,0.783704017661373,0.5971245020301562,0.5721586359421029,0.8618759161172391,0.6302368536998461,0.7732386987312972,0.9927415886306474,0.6805779926084501,0.6805779926088911,0.30485936999320984,0.2895083725452423,0.3509121239185333,0.9150117390950521,0.7673473225751558,0.5928955117460135,0.5676786792574774,0.8632530750176298,0.6394204663149615,0.7557947649166844,0.9927170877875483,0.6764606129201863,0.6764606129206273,0.3169997036457062,0.29709726572036743,0.37670689821243286
BiSeNetV2,11,0.0003,92.06917713200005,0.9155181775968555,0.7961827250099562,0.6097028295185454,0.5857185792014573,0.8634275206365217,0.680190641460871,0.7866843141665743,0.9928465963711063,0.7012639657226973,0.7012639657231637,0.29861176013946533,0.2833055257797241,0.34453049302101135,0.9163165690104167,0.8070539150355006,0.6155296067659641,0.5921186809131999,0.865778599508642,0.6763166192465099,0.7987640853074617,0.9928557917842517,0.710382412667064,0.7103824126675397,0.299968957901001,0.27868902683258057,0.36380869150161743
BiSeNetV2,12,0.0003,92.37111285399988,0.9166509658895075,0.8198914741291681,0.6252998940782282,0.6025361113107809,0.8651792177274407,0.6759383884948907,0.8123163453517092,0.9929399937024498,0.7226798741716185,0.7226798741721009,0.29169949889183044,0.27630436420440674,0.33788493275642395,0.9159144083658854,0.8080586970590621,0.6174898250940234,0.5943418488091401,0.8648506160812226,0.6754494838817285,0.7999763173481899,0.9928060209493069,0.7125835702528756,0.7125835702533534,0.30348286032676697,0.28345629572868347,0.36356276273727417
BiSeNetV2,13,0.0003,92.37878852300014,0.9178577021906508,0.829495500251023,0.6339745843557866,0.6118665455641531,0.8669054254788336,0.6843339797446699,0.8226572658663557,0.9930452722836405,0.7323671674567384,0.7323671674572213,0.2849600911140442,0.26914331316947937,0.33241021633148193,0.9176212972005209,0.8132408358912767,0.6227026996128959,0.5994658312531499,0.867543617715979,0.6761583342988254,0.8047859650850778,0.9930733577537397,0.718208182831403,0.7182081828318846,0.2980596423149109,0.27709323167800903,0.36095890402793884
BiSeNetV2,14,0.0003,91.58520722499998,0.9188087313782936,0.8336200142529614,0.6374457264556672,0.6155666546121251,0.8683110703154531,0.6870219667649814,0.8270768556254201,0.9931277219466609,0.7359515685572471,0.7359515685577301,0.27972033619880676,0.26435327529907227,0.3258216679096222,0.9179112141927084,0.8177696206440239,0.6233753836513163,0.6009318066372383,0.8677362898276931,0.6730453427975446,0.8109054897071312,0.9929010230102041,0.7182010424641531,0.7182010424646328,0.2909214496612549,0.270463764667511,0.3522946536540985
BiSeNetV2,15,0.0003,91.995141268,0.9192893832337623,0.8390727604294954,0.641346160951142,0.6197741024954552,0.8689899965036251,0.6888727172795818,0.8329751705191971,0.9931662087964134,0.7398366172979621,0.7398366172984453,0.2762133479118347,0.2604483366012573,0.32350867986679077,0.9211805623372396,0.8034708382175703,0.6259226104351373,0.602602113112924,0.8723610584890761,0.6941861628663938,0.7935423928816125,0.9935072512320741,0.718804800123722,0.7188048001241992,0.2899603545665741,0.27109068632125854,0.346569299697876
BiSeNetV2,16,0.0003,92.32152864900013,0.9203110965177974,0.8431623132234917,0.6450120771073139,0.6236983414535225,0.8705163739931822,0.6910596235974733,0.8373625170463,0.9932572596391823,0.7432921707796686,0.7432921707801521,0.2712651789188385,0.25519445538520813,0.31947746872901917,0.9214736735026041,0.8150163195338658,0.6269598696520747,0.6041534800881138,0.8727840995101253,0.68679915672318,0.8069704026656989,0.9933331182023549,0.7205630916373814,0.7205630916378577,0.28370362520217896,0.26267072558403015,0.3468022644519806
BiSeNetV2,17,0.0003,92.46099180500005,0.9204640583983504,0.8467027408190789,0.6470569945310698,0.625907220199428,0.8706638696074316,0.6916128895445045,0.841186650702496,0.993272021640483,0.7453746881134563,0.7453746881139396,0.2694157063961029,0.2539653182029724,0.315766841173172,0.9246120198567709,0.8163451523729761,0.6404104352420513,0.6183754667114124,0.8765131556643242,0.6978703897237808,0.8079167499387716,0.9936459842555555,0.7346361172894141,0.7346361172898989,0.2803368866443634,0.2605375349521637,0.33973458409309387
BiSeNetV2,18,0.0003,92.56642729099985,0.92111200614834,0.8452951796249716,0.6456600844917743,0.6243450244325522,0.8716984316804625,0.6888728796339475,0.839626309113659,0.9933258830277415,0.7431553572419757,0.7431553572424588,0.2670776844024658,0.25115498900413513,0.31484541296958923,0.9232928670247396,0.8176429942303307,0.6321499357862085,0.6094528774676832,0.8750081989980689,0.6930590098890453,0.8093456277886041,0.9935368447285011,0.7273622263573826,0.7273622263578624,0.28141888976097107,0.2616880536079407,0.3406112492084503
BiSeNetV2,19,0.0003,91.82721859899993,0.9220033397436567,0.848807378546958,0.6505799035177421,0.629605924095785,0.873015501276803,0.6947293871131835,0.843361803748719,0.9934057014516586,0.7480697591025915,0.7480697591030752,0.26192885637283325,0.2460334151983261,0.30961498618125916,0.9225184733072916,0.8238569729878199,0.6343942721820514,0.6120912529681374,0.8746196431732497,0.6857887138949293,0.8163619780180049,0.9934452847364429,0.7286159149691339,0.7286159149696153,0.2781234383583069,0.25652623176574707,0.3429151475429535
BiSeNetV2,20,0.0003,92.99320837599998,0.9224718607258244,0.8539580880261032,0.655259048244985,0.6346625344555074,0.8736726978512859,0.6988527937789359,0.8489356431514862,0.9934453749564492,0.7529100701106289,0.7529100701111124,0.2588194012641907,0.2430058717727661,0.3062605857849121,0.9240935872395833,0.826602023624836,0.6412164885360423,0.6195108757298776,0.8756631486144453,0.6916964479883139,0.8195767989285571,0.9934959265089894,0.7372344812363746,0.7372344812368602,0.27139079570770264,0.2507837116718292,0.3332121670246124
BiSeNetV2,21,0.0003,92.39878133000002,0.9230656411346054,0.852894700084048,0.6519707329940743,0.6310882834351313,0.8745895221488146,0.6925224437927046,0.8477759684922029,0.9934968685182005,0.7486874650600176,0.7486874650605008,0.256785124540329,0.24041754007339478,0.3058878183364868,0.9224569091796875,0.8229146453537601,0.6389364445789607,0.6170057430767653,0.8737210531279666,0.698947170504884,0.8154780337548472,0.9933974868800494,0.7346165436037732,0.7346165436042545,0.27323710918426514,0.2526533901691437,0.33498823642730713
BiSeNetV2,22,0.0003,91.3575452680002,0.9237241422003816,0.8620524745738644,0.6612640069690787,0.6411207604988443,0.875578222666991,0.7021454638235717,0.8576694351872393,0.9935544846959522,0.7586133986717961,0.7586133986722795,0.2534010708332062,0.23728729784488678,0.30174288153648376,0.9247436319986979,0.8290217467416969,0.648458198481815,0.6272242179539443,0.8777687326069441,0.706835729978546,0.8219154500504904,0.9936227756882605,0.7440466091512704,0.7440466091517544,0.2695099115371704,0.24908989667892456,0.330769807100296
BiSeNetV2,23,0.0003,92.47320694100017,0.924157990916315,0.8624054200254936,0.6623100706012698,0.6422197625217031,0.8762072086389441,0.7030434521204757,0.858020132272639,0.9935909036080123,0.7592692822177214,0.7592692822182047,0.2513706684112549,0.23483075201511383,0.30099013447761536,0.9249386189778646,0.8237517640101879,0.6404665294925914,0.6182497986995443,0.87752503435113,0.7024884335714647,0.8156744719810286,0.9937367009892076,0.73432594170129,0.734325941701769,0.2709812819957733,0.25133222341537476,0.32992854714393616
BiSeNetV2,24,0.0003,92.81115777800005,0.9244890332009491,0.8619270995032564,0.6643659617956762,0.6444207678685255,0.8767101884623835,0.7068998095314624,0.8574828767489059,0.9936187445738939,0.7613714109555644,0.761371410956048,0.2496667206287384,0.2329997718334198,0.2996678054332733,0.9244119466145834,0.8164330816415835,0.6385522533291625,0.6165795729961664,0.8765113155332047,0.7103596186776722,0.8084333327204168,0.993568901652912,0.7312279543774327,0.7312279543779074,0.2685696482658386,0.24887938797473907,0.3276404142379761
BiSeNetV2,25,0.00015,91.8190532360004,0.925290187624899,0.8645734956485379,0.6671105106089942,0.6473487990582516,0.8778654026789277,0.7086832027108373,0.8603049026370803,0.9936897222090177,0.7637033421316132,0.763703342132097,0.24592892825603485,0.2294999063014984,0.2952161133289337,0.9254684041341146,0.8285080946700045,0.645576627761115,0.6239038172865735,0.8787328955351206,0.708358122256329,0.8210759640734322,0.9937320987695885,0.7398781713870156,0.7398781713874948,0.2644102871417999,0.24317988753318787,0.328101247549057
DDRNet23Slim,1,0.0003,106.4105020080001,0.7826174499729313,0.445333817997848,0.33512584799623724,0.29715207239972735,0.6840937218217622,0.3667945646651343,0.41482629872084714,0.9808173165300124,0.3816351309748703,0.3816351309752665,1.0787063837051392,1.1857651472091675,0.7575311660766602,0.8399221801757812,0.5687534005544478,0.4063866871983095,0.3695963054035217,0.762986355330457,0.4432486712679338,0.5438924907577611,0.9861613132163064,0.45910555488532,0.4591055548856613,0.7850813269615173,0.8146538734436035,0.6963642239570618
DDRNet23Slim,2,0.0003,92.5965400580003,0.8574427572376163,0.5867102255123382,0.430017973999515,0.3945106334745778,0.7820172875524835,0.4621671697581977,0.5627258200960383,0.9877408674370137,0.48502694333845225,0.48502694333880986,0.6755672097206116,0.692711353302002,0.6241350769996643,0.8669272664388021,0.6273969712190689,0.4491451117282299,0.41411091908912945,0.7995584347442249,0.48118498444968033,0.6052454578869405,0.9889203425795322,0.5064621947519541,0.5064621947523232,0.5885728001594543,0.5800455212593079,0.6141549944877625
DDRNet23Slim,3,0.0003,93.00561667000011,0.8740233015036626,0.6280523388366266,0.4640511955163493,0.43044540378333185,0.8054373219028341,0.5295648434277401,0.606709057491695,0.9892282075751774,0.5261754151858516,0.5261754151862478,0.5583614706993103,0.5562204718589783,0.5647847652435303,0.8828557739257813,0.6456130584513228,0.48629285315246723,0.4544374221675745,0.8180297324726813,0.5415546088473013,0.6259785168889118,0.9899093169318641,0.5530657950261345,0.5530657950265473,0.5145936012268066,0.495500773191452,0.5718727111816406
DDRNet23Slim,4,0.0003,93.07255931700001,0.883247763077843,0.6797706503673896,0.5005233264496964,0.4694399058370495,0.8187939653351682,0.5366976913660141,0.6623213131166598,0.9900397736631469,0.5779931877261245,0.577993187726563,0.4908334016799927,0.4795564115047455,0.5246641039848328,0.8923942057291666,0.7093757256583818,0.5158963187997443,0.4852344401448212,0.8324471314368626,0.5489762153711657,0.6933451724754702,0.9909717699630787,0.5947416445312935,0.5947416445317287,0.4612860381603241,0.4332263469696045,0.5454655289649963
DDRNet23Slim,5,0.0003,92.12075353200044,0.8897369847153173,0.7135460637136709,0.5215225281396212,0.49182413766341043,0.8276340936504653,0.5544387553656407,0.698561708404393,0.9906250990173088,0.6033675600196493,0.6033675600200866,0.4468643069267273,0.43107226490974426,0.4942406713962555,0.893468241373698,0.7190582507319632,0.5308346500864457,0.5021804427558191,0.8344421205381781,0.5718564708369158,0.7052162080177707,0.9908011748558136,0.613287966923158,0.6132879669235947,0.43375253677368164,0.4052159786224365,0.5193625688552856
DDRNet23Slim,6,0.0003,92.93976700999974,0.8940620694355956,0.7277036978775249,0.5341248778566572,0.5051726858974319,0.8334269997834786,0.5672083414345398,0.713649908878875,0.9909898069786293,0.6174346418506057,0.6174346418510432,0.41992974281311035,0.40241673588752747,0.4724685847759247,0.9007281697591146,0.7301576805371853,0.5384379346808913,0.5092808236681111,0.8425467063957733,0.576254155379321,0.7155507333289641,0.9916808180119553,0.6202049635671937,0.6202049635676304,0.41662314534187317,0.3872200846672058,0.5048328042030334
DDRNet23Slim,7,0.0003,92.39253867600019,0.8984677455854501,0.7432204291987679,0.5486879356230094,0.5207445159430717,0.8394587512786713,0.5817516140211475,0.7302445566924333,0.9913927408776283,0.6331159167948716,0.6331159167953099,0.3937584161758423,0.3747688829898834,0.4507264792919159,0.9001815185546875,0.7529034355211821,0.5500351678601778,0.5220984125614164,0.8435090953264249,0.580278881355806,0.7407389934606349,0.9915484883731028,0.6337361350896193,0.6337361350900549,0.3912547528743744,0.35855650901794434,0.4893493950366974
DDRNet23Slim,8,0.0003,93.6922409470003,0.9017063691654307,0.753466708149491,0.559261904056929,0.5319914879607867,0.843955894439825,0.5923690119047317,0.7411820147946644,0.9916656438616996,0.6440055336585576,0.6440055336589962,0.3747692406177521,0.3547314703464508,0.43488258123397827,0.9033044637044271,0.7548715951681444,0.5593380357364318,0.5318397585814479,0.8458570429986033,0.5901176877523031,0.7425300021839014,0.991804502460508,0.6439745532190658,0.643974553219505,0.3777047097682953,0.34514734148979187,0.47537651658058167
DDRNet23Slim,9,0.0003,94.41079280900021,0.9034363853740183,0.7593920619349255,0.565374342544532,0.5384856947944051,0.846324095391753,0.5985893152886202,0.7474890999604673,0.9918148918886702,0.6503113612803604,0.6503113612807991,0.36265674233436584,0.342363178730011,0.42353829741477966,0.9069655965169271,0.75765288087366,0.5730089651891483,0.5464564751079145,0.8522728262069891,0.612619451775278,0.7453145073252978,0.9921444990660765,0.6568441892478983,0.6568441892483382,0.3654226064682007,0.3325001299381256,0.46418970823287964
DDRNet23Slim,10,0.0003,93.48961553900017,0.9055306881719307,0.7658817533035834,0.5724149302065039,0.5460511236539988,0.8491904355508427,0.6054770558201306,0.7544692823244065,0.9919972512152574,0.6573767930628669,0.657376793063306,0.3508526086807251,0.3297925889492035,0.4140323996543884,0.906977294921875,0.7638410101175187,0.5704204153353196,0.5441862515337514,0.8522722715677984,0.600855623029135,0.7529524041435288,0.9919745579847884,0.6540739460955166,0.6540739460959549,0.36125776171684265,0.32748278975486755,0.4625828266143799
DDRNet23Slim,11,0.0003,92.33767410400014,0.9077986854920412,0.7729343678174251,0.5801696403721405,0.5542991856791576,0.8524273030306333,0.6807200578395377,0.7619799238482248,0.9921920278353672,0.6657983345922472,0.6657983345926887,0.3385264277458191,0.3168870806694031,0.4034441411495209,0.9089276936848958,0.7704997868710498,0.5735494466567178,0.5468673347233529,0.8547635269948751,0.6759363153572367,0.7591523683175723,0.9923014272278343,0.6581768244794478,0.658176824479887,0.3513408303260803,0.3168017566204071,0.4549581706523895
DDRNet23Slim,12,0.0003,92.6214827179997,0.9090574063931769,0.7820740817921104,0.5890057269977128,0.5638134898696415,0.8542227781550135,0.6539636733713663,0.7718424631549644,0.9922977740393796,0.6792454962870438,0.6792454962875043,0.3304372727870941,0.3083552420139313,0.39668262004852295,0.9087384643554688,0.797041923631767,0.5896085656023579,0.5644234984633903,0.8558336298407812,0.6342331941343259,0.7881183228917248,0.9922731365018352,0.6849678302761797,0.6849678302766574,0.3449089825153351,0.30860304832458496,0.4538266062736511
DDRNet23Slim,13,0.0003,93.29918834599994,0.9105539508894378,0.8004974895392988,0.600841942033306,0.5765415816102126,0.8563770557959576,0.646297550360247,0.791727878279551,0.9924243760531309,0.6963662696376391,0.6963662696381201,0.32234397530555725,0.29996711015701294,0.38947463035583496,0.9063362223307292,0.7930466450796716,0.57693590359438,0.5506295456506888,0.8534079003901922,0.6485517977904425,0.7836473906058804,0.9921241383292952,0.669165257466627,0.6691652574670814,0.34383532404899597,0.30853506922721863,0.4497360587120056
DDRNet23Slim,14,0.0003,92.21385974300028,0.9117825146027427,0.8133992402304008,0.6090045372162604,0.5853094754592796,0.8581592921635891,0.652161299328632,0.8056251590215617,0.9925381137515239,0.7063742497642158,0.7063742497646972,0.31516119837760925,0.2927437424659729,0.3824133574962616,0.9137658487955729,0.8011603263865641,0.6069902873465906,0.5833602237927612,0.8600018602441812,0.6512643404349536,0.7928779235340718,0.9925962598056154,0.7036108788171315,0.7036108788176163,0.33080679178237915,0.2965519428253174,0.4335712790489197
DDRNet23Slim,15,0.0003,92.60495599099977,0.9125790451512192,0.8170994969955921,0.6130478571346492,0.5896518271453803,0.8591959436152462,0.6566943272304703,0.8096063877605063,0.9926030813772123,0.7108005649446264,0.7108005649451079,0.31049013137817383,0.2885607182979584,0.3762786388397217,0.911146240234375,0.7855731777427191,0.5928971670019014,0.5680620747653199,0.8584322143979072,0.6804459145787285,0.7759907685670276,0.9923744042168945,0.6826737543703661,0.6826737543708202,0.3304655849933624,0.2976985573768616,0.4287668764591217
DDRNet23Slim,16,0.0003,91.98858096099957,0.9136663426689923,0.8157671076711799,0.6144683110360093,0.5911247815796106,0.8608800568507601,0.6587745345281667,0.8080983487801493,0.9927024428194016,0.7111085016606827,0.7111085016611643,0.3033581078052521,0.2827044725418091,0.36531880497932434,0.9124309488932292,0.810743149560462,0.6000948423256938,0.5758217157943287,0.8601945081042145,0.6359391738991366,0.8032129331677766,0.9924926686580108,0.6943521927811246,0.6943521927816025,0.3233258128166199,0.2943090796470642,0.41037628054618835
DDRNet23Slim,17,0.0003,91.74768109300021,0.9148495584035727,0.820917881879412,0.6210406917640714,0.5981739628456483,0.8626386868100209,0.6686915024905867,0.8136340854704672,0.9927971926943027,0.7185520474194713,0.7185520474199528,0.29431936144828796,0.2765403985977173,0.34765633940696716,0.9174662068684896,0.798945240896545,0.6087200139075143,0.5847138332587538,0.8660248408547225,0.6491251941928752,0.7898144221831233,0.992977831165898,0.7005893239262861,0.7005893239267703,0.3114326298236847,0.28988391160964966,0.37607887387275696
DDRNet23Slim,18,0.0003,91.83308981099981,0.9153286938998788,0.830316661106256,0.627358562781645,0.6049891269809525,0.8632789634358281,0.6732903727222909,0.8237941262400987,0.9928387391014711,0.7261107879640759,0.7261107879645575,0.28887489438056946,0.27280092239379883,0.3370964527130127,0.9175247802734375,0.8105783357482411,0.6140797150022682,0.5903687300249291,0.8662323498497791,0.6607662397238173,0.802193048183026,0.9930268149942371,0.7103640550225888,0.710364055023072,0.30661076307296753,0.2860960364341736,0.36815494298934937
DDRNet23Slim,19,0.0003,91.43261468200035,0.9158522865988992,0.8190916221323857,0.6197275509445769,0.596695375038205,0.8639856511756805,0.6630728440944617,0.811602337334063,0.9928847953438261,0.7150972147510058,0.7150972147514878,0.287513792514801,0.2709064781665802,0.3373360335826874,0.9154588216145834,0.8163324674129715,0.6096486363032377,0.5857765856970448,0.8645259095279992,0.6491049708969967,0.8086381333885423,0.9928653700609682,0.7045012193685115,0.7045012193689909,0.3028049170970917,0.28225570917129517,0.3644528388977051
DDRNet23Slim,20,0.0003,90.48807690500053,0.9164568583170573,0.8320109552939852,0.6291057938314226,0.6067894681221467,0.8649194757383263,0.6728002728485062,0.8255547026228377,0.9929323114113634,0.7269121852334464,0.7269121852339283,0.28306400775909424,0.26724010705947876,0.330535352230072,0.9176635538736979,0.8091713505159769,0.6203961703699543,0.5969517111161249,0.8673979269016491,0.675165136647731,0.8002081325818132,0.9931207356087106,0.7161690152121643,0.7161690152126461,0.3038880228996277,0.2858266234397888,0.35807180404663086
DDRNet23Slim,21,0.0003,92.08399542700045,0.9167423350288268,0.8297940522485582,0.6291562461153332,0.6068333453518044,0.8653658796092074,0.6748397808625285,0.8231389513379659,0.9929602868310159,0.7267326609546739,0.726732660955156,0.28173837065696716,0.2656821608543396,0.32990702986717224,0.9176278686523438,0.8144909845093515,0.6203422540937099,0.5974952227821875,0.8669217975031804,0.6720306909945037,0.8070361587701308,0.9929343318681796,0.7172648679004868,0.7172648679009684,0.29822829365730286,0.27771052718162537,0.3597816526889801
DDRNet23Slim,22,0.0003,91.594765543,0.9182827383439172,0.83834728557402,0.6377078535735822,0.6160112228942293,0.8675959738018394,0.6835540599724971,0.8323329147306696,0.9930924785905488,0.7357988637529695,0.7357988637534518,0.2742476761341095,0.2576887905597687,0.32392409443855286,0.9201315307617187,0.8146948842988937,0.6275802595645181,0.6048481168715601,0.8706156498131736,0.6834232473526988,0.8065050781721635,0.9932538849979977,0.7242381747987262,0.7242381747992089,0.2947162389755249,0.2762306332588196,0.3501732051372528
DDRNet23Slim,23,0.0003,91.92064634899998,0.9183047221518668,0.8396964514231391,0.6371928169371862,0.6154691731119871,0.8676285810922183,0.6807090951609402,0.8338149103578895,0.9930923541653698,0.7350534510903041,0.7350534510907861,0.27299126982688904,0.257069855928421,0.32075583934783936,0.9192485555013021,0.8111753476199546,0.6232635730598898,0.5999232620234619,0.8690124118362943,0.6822292754469276,0.8021732897600501,0.993303538743267,0.720016964236705,0.7200169642371869,0.29717227816581726,0.2791602313518524,0.35120847821235657
DDRNet23Slim,24,0.0003,92.24076972800049,0.9183054973309903,0.8432706712936413,0.6397434704555796,0.6182018820702558,0.8676131871170598,0.6834926497685636,0.837644510328845,0.9930975760674908,0.738330177987372,0.7383301779878542,0.27275946736335754,0.2568762004375458,0.32040923833847046,0.9180455932617188,0.8119789553963249,0.6224158625477401,0.599446636710882,0.868131226532063,0.6830623289273657,0.8038738441950429,0.9930444322416819,0.7193432091519374,0.7193432091524175,0.29389864206314087,0.2748691737651825,0.3509867787361145
DDRNet23Slim,25,0.00015,92.13191434600049,0.9195057126077526,0.8456440382388064,0.641267526056257,0.6197767576009778,0.8693768272073373,0.6820568138145612,0.8401693353312467,0.99319275452741,0.7386828448823025,0.7386828448827845,0.26741349697113037,0.2509263753890991,0.31687474250793457,0.920699686686198,0.8123268581603618,0.6276135799179261,0.6047245999411968,0.8717659246997917,0.6919643851465223,0.8037158501663932,0.9933365129992652,0.7225356607662433,0.7225356607667216,0.2901204526424408,0.2711409330368042,0.34705889225006104
STDCSeg,1,0.0003,106.98324269400018,0.8145873533850685,0.4996633891906574,0.37434945265433905,0.33509794610249477,0.7239691263945156,0.40384020824245015,0.469056787132667,0.983764498673943,0.42821735895616003,0.4282173589566039,0.8547444939613342,0.9115210771560669,0.6844161748886108,0.8596193033854167,0.6061127915109179,0.43465241883864947,0.3981162381611882,0.7902428976362197,0.543583084910925,0.5825741630739918,0.9879614557058906,0.4907250169122656,0.49072501691262427,0.6194750666618347,0.6168909072875977,0.6272271275520325
STDCSeg,2,0.0003,91.99207053600003,0.8734278959386489,0.629734739006392,0.46889460765946356,0.4349245551010741,0.8047496429996042,0.5263721328542814,0.6078031202963466,0.9891463843617408,0.5392679518905429,0.5392679518909684,0.558792769908905,0.5574049353599548,0.5629563331604004,0.882122294108073,0.6771900918557969,0.495031472229257,0.4633401995937072,0.8194824578963777,0.5429037432550626,0.6597828041946917,0.9898154049315435,0.5715363210373066,0.5715363210377377,0.500333845615387,0.4786061644554138,0.5655163526535034
STDCSeg,3,0.0003,92.22005329100011,0.8852193903795538,0.682311942342837,0.5043970828771903,0.47294139364305265,0.821363905615334,0.5435965396466633,0.6643817265117573,0.9902096890070903,0.5835644957973242,0.583564495797764,0.48231247067451477,0.47133293747901917,0.5152521729469299,0.886586669921875,0.7100744377651989,0.510162018452364,0.47922646512373507,0.8275176484398963,0.5503665177228406,0.6947657194580245,0.9903220437806762,0.5899084669534385,0.5899084669538684,0.4627190828323364,0.4371153712272644,0.539530336856842
STDCSeg,4,0.0003,91.87308358500013,0.8934985006131803,0.7129870477580581,0.528068178999534,0.49824247791321047,0.8327410491198881,0.5646023421037211,0.6973294161676078,0.9909373839943809,0.6101190667802987,0.6101190667807386,0.4324835240840912,0.4167459011077881,0.47969624400138855,0.8999880777994792,0.7190836815514885,0.5404593774788399,0.5111825774739732,0.8398239621674002,0.5775076075141299,0.7032803612445481,0.9915757754461789,0.6230471798389883,0.62304717983943,0.42442411184310913,0.3967215418815613,0.5075319409370422
STDCSeg,5,0.0003,91.40393039600076,0.8969155853869868,0.7262245239085077,0.5396006392464681,0.510551875925599,0.8373958376414472,0.5761192270312951,0.7114982952527882,0.99124250924367,0.6229459566409129,0.6229459566413529,0.4094878137111664,0.3926505446434021,0.4599994122982025,0.899037089029948,0.7446160435341665,0.544098949104461,0.5155606174544147,0.8419938990200255,0.571283679881241,0.7319069257243304,0.9913432032794204,0.6258814553182189,0.625881455318653,0.39593014121055603,0.36364343762397766,0.49279049038887024
STDCSeg,6,0.0003,90.59078839699941,0.9020326175791694,0.742166311300099,0.5549605870465165,0.5270102149836072,0.8446515296868121,0.5904840422976977,0.7286395668299782,0.9916863175707612,0.6385973352035834,0.6385973352040236,0.3812149465084076,0.3626912236213684,0.43678605556488037,0.9069021606445312,0.7279642427388535,0.5632832814724489,0.5363450872205043,0.8487083210924169,0.6132175596061841,0.7139726845794049,0.9919205110600541,0.6470373004696705,0.6470373004701154,0.39045751094818115,0.36455097794532776,0.46817734837532043
STDCSeg,7,0.0003,90.68898081399948,0.9050820430544821,0.7524515816689772,0.5653202095154785,0.5380783641739617,0.8487092924332115,0.60080257956395,0.7396480993197277,0.991950514652525,0.6493990985959135,0.6493990985963541,0.3602062165737152,0.3433963358402252,0.41063591837882996,0.9072945149739583,0.7611593060071645,0.5655306815886013,0.5378988593757973,0.8535154920232327,0.5972070302041147,0.7485948758738412,0.9922097840786805,0.6482393602903267,0.648239360290764,0.35636037588119507,0.3344738483428955,0.42201998829841614
STDCSeg,8,0.0003,91.70386904099996,0.9069018440450577,0.7569913654953968,0.570304363809086,0.5433638352193421,0.8513372552456185,0.6055713597379978,0.7444569118879375,0.9921125832432806,0.6542258733474241,0.6542258733478649,0.34620368480682373,0.3327871263027191,0.3864533603191376,0.908853515625,0.760386240723772,0.5730408113944777,0.5461794610188239,0.8552943229585093,0.6098137387238977,0.7480168859354158,0.99228728208828,0.6553144159887772,0.6553144159892156,0.34719330072402954,0.32746171951293945,0.406388521194458
STDCSeg,9,0.0003,92.04965934099982,0.9093099243925642,0.76819298457662,0.5817645054768764,0.5557055026945678,0.854780139548812,0.66869516979046,0.7565536498558444,0.9923166926137396,0.6689677302449791,0.6689677302454293,0.3321518301963806,0.31820324063301086,0.37399810552597046,0.9124087727864584,0.7720899444267549,0.5887874039682408,0.5629604541799954,0.8586785863597811,0.6662862132081581,0.7604334017965974,0.9925717237729001,0.6809613342594756,0.6809613342599429,0.3370380401611328,0.3173447549343109,0.39611777663230896
STDCSeg,10,0.0003,92.02729505499974,0.9111265158695758,0.7920414029794537,0.5999729845397217,0.57532430206343,0.8573759529947594,0.6552348034866236,0.7822913254288607,0.992477694011471,0.6959424005495021,0.695942400549982,0.3206353485584259,0.30665773153305054,0.3625680208206177,0.9123057250976563,0.7753596604426078,0.593788803670632,0.5685914877810923,0.8600806684788654,0.6863460180365965,0.7643112799989352,0.9925514534615293,0.6838434241597103,0.6838434241601687,0.3247681260108948,0.30519115924835205,0.3834991455078125
STDCSeg,11,0.0003,92.85656769599973,0.9128847309187347,0.8059488747232698,0.6111808124523876,0.587381588408977,0.8599294115836406,0.6641841146391996,0.797302275285749,0.992624087180949,0.7092663065571196,0.7092663065576019,0.31182408332824707,0.2960987389087677,0.3590003550052643,0.9152166748046875,0.8006212437267521,0.6075817481002217,0.5834540702271119,0.8630038124997035,0.6548539770510989,0.7916849622882741,0.9927503733349957,0.7040367958058084,0.7040367958062929,0.317466676235199,0.29590919613838196,0.3821391761302948
STDCSeg,12,0.0003,90.27112295699953,0.9137957363842643,0.8029809466613245,0.6109199707556384,0.5870785346812272,0.861211562986748,0.6664663854327034,0.7940757241443913,0.9927026749723692,0.7075213803195614,0.7075213803200416,0.3059467375278473,0.29040205478668213,0.35258054733276367,0.9163493855794271,0.7883724138121372,0.6063332621093982,0.5821924048978548,0.8647566817481416,0.6781539136310805,0.7785414208440161,0.9928342022947544,0.7014085744519375,0.701408574452413,0.3142356276512146,0.294127494096756,0.3745599687099457
STDCSeg,13,0.0003,90.08104799499961,0.9147794998903326,0.8190167592172759,0.6217615171539875,0.5987656170885688,0.8626033209009101,0.6725769223605531,0.811396950148,0.9927883503904115,0.7207071950902425,0.720707195090725,0.2996339797973633,0.283878892660141,0.34689903259277344,0.9162824096679687,0.8127124596962959,0.614003576011216,0.5899726950631016,0.865811494616409,0.6610802647221766,0.8040359271606393,0.9929837190736883,0.7106482438522845,0.7106482438527668,0.30739542841911316,0.286824107170105,0.3691096305847168
STDCSeg,14,0.0003,90.9208149240003,0.9159132265577129,0.8089326720666647,0.615368467620568,0.5917841448638396,0.8642613167306228,0.6628854714280915,0.8004183504147648,0.9928891883670135,0.7103112155667121,0.7103112155671946,0.2939939498901367,0.278373122215271,0.3408564627170563,0.91723876953125,0.7921950684022874,0.6042794698092206,0.5796613358930184,0.8672423353499363,0.6909273012761822,0.78218918098396,0.9930231160284149,0.6949065489168599,0.6949065489173204,0.3045669496059418,0.28424906730651855,0.365520715713501
STDCSeg,15,0.0003,89.9901963860002,0.9164934549314665,0.8156656431954501,0.6195120890487424,0.5962426043695288,0.8651295094635764,0.6643872225247401,0.8076969363202827,0.9929360061250732,0.7149495923427178,0.7149495923432009,0.29048120975494385,0.2738083600997925,0.340499609708786,0.9169000040690104,0.8022518366875626,0.605706266220798,0.5810875756613424,0.8662207925647012,0.643875100969449,0.7929503560815635,0.9929878496303405,0.6965811028887939,0.6965811028892744,0.3061622679233551,0.2857225239276886,0.36748194694519043
STDCSeg,16,0.0003,90.01227937600015,0.917232955415831,0.8330463650494303,0.6316545210852053,0.6093421981572514,0.8662406254497762,0.6764371016247689,0.8264833990793717,0.9929981322704861,0.7301379652021732,0.7301379652026557,0.28512170910835266,0.2697760760784149,0.33115842938423157,0.9177998657226563,0.8159528738667843,0.6214545665773042,0.5980965582834119,0.868426224000023,0.6722238227807137,0.8076701427479378,0.9931098138192916,0.7170635415272205,0.7170635415277017,0.2950102686882019,0.2734835147857666,0.35959047079086304
STDCSeg,17,0.0003,90.46232892999979,0.9184942058488434,0.8295650405525522,0.6306120050203649,0.6081664365997835,0.8680495259487684,0.6742809289373133,0.8226693260257778,0.9931100961910881,0.7273143060631412,0.7273143060636239,0.27966824173927307,0.26324138045310974,0.328948438167572,0.9213294677734375,0.8099713010720747,0.6273476848506987,0.6044517602396972,0.8709434232010026,0.6797902238775756,0.8012418848662439,0.9933315049819105,0.7222754774937382,0.7222754774942226,0.30281901359558105,0.2843727171421051,0.35815826058387756
STDCSeg,18,0.0003,90.15639336200002,0.9191416708118351,0.8370964796155687,0.6359686701684252,0.6139328309715607,0.8689671856084961,0.6787789372786747,0.8307976369227367,0.9931651443473389,0.7334835539841316,0.7334835539846144,0.27618408203125,0.2597397565841675,0.3255171477794647,0.9180682169596354,0.8151622100588647,0.6238107076528216,0.6009356980148945,0.868659261461709,0.6806774307110208,0.8073710637455989,0.9930323587970312,0.7200576767104124,0.7200576767108925,0.2888677716255188,0.2672811448574066,0.35362789034843445
STDCSeg,19,0.0003,93.01720963200023,0.9200702538039808,0.845766711561396,0.6466434948347057,0.625462871667886,0.8703147653706386,0.6918290782042531,0.8401744811806534,0.9932415419131195,0.7450013970230703,0.7450013970235537,0.27105283737182617,0.2542533576488495,0.32145145535469055,0.9212996826171875,0.8059315056432447,0.6277806548213783,0.6047691827367371,0.8722416473503545,0.6984616921975705,0.7966490602153206,0.9933916657814721,0.721966282278851,0.7219662822793284,0.2881486415863037,0.26759928464889526,0.349796861410141
STDCSeg,20,0.0003,98.86854192900046,0.9201369328082352,0.8428603857303728,0.6416586244940524,0.6200158698238886,0.8705348228990565,0.6847295409979638,0.8369697813072184,0.9932531418867115,0.7394145832809268,0.7394145832814095,0.2701117694377899,0.2537318766117096,0.3192512094974518,0.9208685302734375,0.8180336786990594,0.6340596894444688,0.6117102379867212,0.8710724944762017,0.688619365077254,0.8100045639634286,0.9933150856121431,0.7308213865306756,0.7308213865311609,0.2913644015789032,0.27235937118530273,0.3483792841434479
STDCSeg,21,0.0003,97.08811315099956,0.920649169813078,0.8464142601063942,0.644320645414287,0.6229021160120567,0.871204937125734,0.6861257539981175,0.8408296507160667,0.9932943376429882,0.741940813541902,0.7419408135423851,0.26785287261009216,0.2509547472000122,0.3185475468635559,0.9218890991210937,0.8113633981214723,0.6314749065692465,0.6088652250156873,0.8726589291345875,0.6906329110905219,0.8027722120708506,0.9933930696969216,0.7267683299700661,0.7267683299705494,0.2838868796825409,0.2645469009876251,0.3419068455696106
STDCSeg,22,0.0003,97.16455168300035,0.9212723526300168,0.846537674096845,0.6467968267868656,0.6255474385017032,0.8721390791829005,0.6900395187737911,0.8409309068635231,0.993349505898332,0.7442168187517645,0.7442168187522475,0.26409322023391724,0.24735207855701447,0.3143165707588196,0.9207208455403646,0.8201954342835904,0.6298936505294994,0.6070791282797938,0.8716492297459413,0.6868761314863318,0.8122195050293349,0.9933222649149863,0.7266311915247701,0.7266311915252514,0.2829234004020691,0.26256072521209717,0.3440113365650177
STDCSeg,23,0.00015,95.35102878499947,0.9211338879590366,0.8430537962388374,0.6440968231473121,0.6226131230660236,0.8719198832295886,0.6871965343192216,0.8371537758951004,0.9933333238219251,0.7410118892497531,0.7410118892502361,0.26459112763404846,0.2479064166545868,0.3146454095840454,0.9194792683919271,0.8102015944570515,0.620840564004844,0.5973755262884689,0.8698744552142698,0.6821570776680207,0.8015478529366723,0.9931839845433857,0.7165425979053422,0.7165425979058205,0.2912674844264984,0.2707051932811737,0.35295408964157104
