folder,filename,mean_brightness,std_brightness,mean_red,mean_green,mean_blue
dataA,09_00_101.png,97.46346932870371,75.08732452550791,95.18127893518519,97.91554542824075,100.82468894675925
dataA,F6-81.png,122.30985966435185,63.81095330414141,117.2531105324074,123.81354890046296,127.7882667824074
dataA,F61-1.png,71.14431423611111,58.154105922709995,80.9226707175926,68.65078848379629,58.58043981481482
dataA,F3-1.png,83.90256076388889,64.58035989422395,77.74620225694444,85.37254050925925,92.32718460648148
dataA,07_00_051.png,78.10876012731481,49.320085627384884,72.5419921875,79.6611328125,84.80215567129629
dataA,F3-90.png,85.06503182870371,65.2698949158001,80.01316550925925,86.3017578125,91.77220775462963
dataA,F10-30.png,78.24048755787037,62.00960795331528,72.49670862268519,80.49710648148148,81.55154079861111
dataA,09_00_061.png,98.64612268518519,76.24160398531413,98.57284432870371,98.2439597800926,100.53819444444444
dataA,F66-91.png,104.4724754050926,58.80915100405694,106.65523726851852,105.83101851851852,91.65219907407408
dataA,02_02_180.png,88.13935908564815,60.699826165024795,83.9929832175926,90.12706163194444,88.59284577546296
dataA,F64-51.png,126.41500289351852,63.966645275358594,139.25828269675927,124.37836371527777,103.33239293981481
dataA,02_01_130.png,60.521339699074076,43.25788094608828,57.888346354166664,61.51866319444444,62.52347366898148
dataA,F10-80.png,83.46444589120371,63.97318724837409,77.73788339120371,85.37102141203704,88.52719907407408
dataA,F8-61.png,104.27090567129629,61.55876590143011,97.24717881944444,106.19379340277777,112.47923900462963
dataA,F7-90.png,141.98423032407408,70.7828959328551,152.38838252314815,140.50455729166666,122.23947482638889
dataA,F68-91.png,115.73593026620371,56.21265768813277,126.22399450231481,113.19231047453704,101.56300636574075
dataA,04_00_150.png,76.67353877314815,57.832958517539424,72.50336371527777,77.61487268518519,82.57002314814815
dataA,F68-11.png,112.55703848379629,57.57738918580764,123.60966435185185,109.77690972222223,98.0070167824074
dataA,F62-10.png,87.6494140625,64.57367836951376,86.04191984953704,87.99457465277777,90.44064670138889
dataA,05_00_091.png,76.06521267361111,51.067381356094366,70.07953559027777,77.9597800925926,82.13972077546296
dataA,09_00_241.png,83.60163483796296,75.15322898710617,81.72486255787037,83.79094328703704,87.22392216435185
dataA,03_00_120.png,86.8478370949074,58.32796814695076,96.0779441550926,84.36657262731481,75.41442418981481
dataA,06_00_101.png,64.44010416666667,49.18887313828351,60.516384548611114,65.81239149305556,67.85828993055556
dataA,09_00_131.png,95.60347945601852,77.81507413033538,93.15903501157408,96.07179542824075,99.21444589120371
dataA,03_01_050.png,52.80381944444444,57.87712913946003,49.43265335648148,55.03663917824074,50.094039351851855
dataA,03_01_171.png,95.77991174768519,65.32995617859977,91.91402633101852,97.56278935185185,96.73433883101852
dataA,02_02_001.png,78.70930989583333,61.225393277300384,73.97837094907408,80.22583912037037,83.10264756944444
dataA,F9-30.png,104.60101996527777,59.93609210151927,105.4572120949074,106.66254340277777,91.81174045138889
dataA,F69-100.png,79.66384548611111,55.6648044029337,85.48574942129629,79.69780815972223,64.2595847800926
dataA,F70-31.png,109.96498842592592,56.675011547523326,103.2781394675926,111.89706307870371,117.34544994212963
dataA,05_00_230.png,57.37934027777778,48.98319015829089,52.102792245370374,59.191189236111114,62.121744791666664
dataA,02_02_191.png,88.21448206018519,60.74721243026474,84.08463541666667,90.1863425925926,88.6736472800926
dataA,F10-10.png,74.9021629050926,61.19463328977459,69.43797019675925,77.03121383101852,78.15693721064815
dataA,08_00_241.png,108.63093171296296,60.58755048796668,101.65389901620371,110.69672309027777,116.06810619212963
dataA,06_00_100.png,65.29651331018519,49.89522267657342,61.35687934027778,66.67603443287037,68.75499131944444
dataA,03_00_240.png,102.70146122685185,55.2756239092718,111.87738715277777,100.54973234953704,89.64319299768519
dataA,F4-31.png,75.98817274305556,58.31783745460901,71.41417100694444,77.62232349537037,79.45797164351852
dataA,10_00_170.png,72.73111979166667,62.60191145657535,67.57602719907408,74.72439236111111,75.79665798611111
dataA,F69-10.png,95.19925491898148,63.02278443508981,102.34501591435185,94.13863570601852,81.89558015046296
dataA,02_01_041.png,49.055410879629626,43.41595568441285,45.87999131944444,50.38527199074074,50.7701099537037
dataA,05_00_140.png,74.78056278935185,52.55994692379685,68.58177806712963,76.60094762731481,81.83152488425925
dataA,02_01_230.png,66.8370949074074,53.565230127364096,60.843930844907405,68.63368055555556,73.45471643518519
dataA,05_00_060.png,77.28276909722223,50.937501885650214,70.94589120370371,79.17972366898148,84.17849392361111
dataA,F8-70.png,102.16901765046296,60.98140606668134,95.16106047453704,104.12348090277777,110.16330295138889
dataA,04_00_241.png,83.13498263888889,57.77502421640096,80.07078269675925,83.73050491898148,87.93692129629629
dataA,04_00_131.png,72.28964120370371,56.14342158589255,67.48654513888889,73.4552589699074,78.63226996527777
dataA,F7-20.png,151.4586226851852,66.78957167523488,162.76812065972223,149.4150390625,132.23828125
dataA,F1-10.png,110.96148003472223,53.500980263793416,112.38444010416667,112.60539641203704,98.73831741898148
dataA,07_00_191.png,52.1314380787037,43.9816109519079,47.81890190972222,53.4091796875,56.99128327546296
dataA,F65-81.png,118.56419994212963,66.05190510725627,131.30913628472223,116.83264612268519,94.15371817129629
dataA,10_00_100.png,78.4142433449074,63.08575302646769,72.7199074074074,80.38418692129629,82.9617332175926
dataA,F67-91.png,99.88621238425925,61.66061990112869,97.1336082175926,100.08004195601852,106.15559895833333
dataA,04_00_051.png,91.79126880787037,57.968002956492896,86.08644386574075,93.22073929398148,99.15581597222223
dataA,10_00_140.png,84.34932002314815,62.21429904462494,78.13755063657408,86.30385561342592,90.35525173611111
dataA,02_00_111.png,80.3064597800926,72.10329644043188,78.1056495949074,80.79144965277777,83.5632957175926
dataA,02_00_150.png,86.79076244212963,73.11249709132562,84.87319155092592,87.06043836805556,90.34006076388889
dataA,F1-81.png,113.71430121527777,53.423227553513655,115.46119068287037,115.31861255787037,100.77282262731481
dataA,02_00_050.png,85.14416956018519,72.4758354275751,83.59165219907408,85.37554253472223,88.07371238425925
dataA,03_01_101.png,74.26884403935185,62.46768339343334,70.94429976851852,76.39207175925925,71.95326967592592
dataA,F65-1.png,118.73137297453704,66.12462638692594,131.4449146412037,116.87778501157408,95.04184751157408
dataA,04_00_230.png,83.14011863425925,57.79043284439396,80.076171875,83.73603877314815,87.91160300925925
dataA,02_01_020.png,48.415364583333336,41.78811118883581,44.54188368055556,49.742476851851855,51.81640625
dataA,09_00_210.png,100.63328269675925,74.34868106663187,97.78880931712963,101.23068576388889,104.77806712962963
dataA,03_01_041.png,53.6402271412037,55.7283146155573,51.108615451388886,55.759440104166664,49.3158275462963
dataA,F1-20.png,111.15874565972223,53.64829021656167,112.576171875,112.86223234953704,98.75119357638889
dataA,F4-60.png,82.90769675925925,60.61905828382878,78.33011429398148,84.34375,87.30403645833333
dataA,F3-100.png,90.0701316550926,63.09862766591511,85.41511140046296,91.19397424768519,96.27694589120371
dataA,F67-30.png,122.22873263888889,59.75265601384269,119.43113425925925,122.53182870370371,127.91276041666667
dataA,02_01_100.png,59.24605758101852,43.09416212834562,56.603334780092595,60.25965711805556,61.20598234953704
dataA,09_00_211.png,97.0798972800926,74.50710249857059,94.26215277777777,97.64948640046296,101.31065538194444
dataA,02_02_031.png,75.94227430555556,58.53636723177546,72.26128472222223,77.1423972800926,79.21744791666667
dataA,08_00_211.png,109.52010995370371,59.89348933181103,102.60026041666667,111.48104745370371,117.35886863425925
dataA,10_00_200.png,91.70540364583333,61.5383429034715,85.64087818287037,93.78779658564815,96.69180410879629
dataA,F61-10.png,75.95417390046296,59.25946206895905,86.20713975694444,73.29756221064815,62.94831452546296
dataA,04_00_210.png,83.21726707175925,57.87519119585722,80.18793402777777,83.81286168981481,87.95326967592592
dataA,04_00_191.png,82.97507957175925,58.14256188478022,79.99656394675925,83.55356626157408,87.66547309027777
dataA,F2-60.png,107.05327690972223,60.31122819468182,103.78182870370371,108.27347366898148,109.44524016203704
dataA,02_00_191.png,78.47587528935185,72.07034843829226,76.85402199074075,78.73336226851852,81.27072482638889
dataA,10_00_191.png,88.00640190972223,60.86838550496333,81.99790219907408,90.1638816550926,92.38559751157408
dataA,05_00_031.png,77.48303674768519,51.47486030014425,69.8406394675926,79.27973090277777,88.31181278935185
dataA,F3-91.png,86.12756799768519,64.77104359499802,81.06300636574075,87.36277488425925,92.88519965277777
dataA,02_01_080.png,54.488606770833336,41.55593724778147,51.315610532407405,55.75397858796296,56.47016059027778
dataA,04_00_121.png,71.18442563657408,56.997833187346956,66.69390190972223,72.26450376157408,77.1892722800926
dataA,02_01_081.png,54.13708043981482,41.573259217740286,50.93836805555556,55.37659143518518,56.34711371527778
dataA,05_00_090.png,75.79466869212963,50.96389530485563,69.92003038194444,77.74728732638889,81.29090711805556
dataA,09_00_240.png,84.32660590277777,75.05682471835497,82.27983940972223,84.59646267361111,87.99844473379629
dataA,F9-90.png,103.2547019675926,60.96854337150339,103.53273292824075,105.58582899305556,90.65194589120371
dataA,F5-70.png,157.21484375,64.00067981164653,168.24855324074073,155.38917824074073,137.60912181712962
dataA,F61-61.png,79.87120225694444,64.62161285786694,89.45424623842592,77.5632957175926,66.82016782407408
dataA,05_00_131.png,76.15418836805556,51.60221103220707,70.18352141203704,77.95504195601852,82.7306495949074
dataA,06_00_160.png,42.906503182870374,43.676503788325086,42.28161168981482,43.02918836805556,44.023111979166664
dataA,08_00_001.png,95.14898003472223,61.0611297396025,89.69437210648148,96.67292390046296,101.44162326388889
dataA,09_00_110.png,92.82834201388889,76.98814959221339,90.41970486111111,93.25698061342592,96.55067274305556
dataA,03_01_090.png,70.87449363425925,62.115058918497816,67.4490379050926,73.04137731481481,68.63418692129629
dataA,F63-31.png,112.87923177083333,70.21338841709152,123.86266637731481,110.34555844907408,97.03363715277777
dataA,07_00_180.png,51.80674913194444,43.57449937551243,47.482204861111114,53.286928530092595,55.70453559027778
dataA,F62-20.png,93.46459056712963,64.4204198965226,91.7351707175926,94.02195457175925,95.46506076388889
dataA,02_01_190.png,66.04861111111111,52.59892185991665,60.024197048611114,67.76461226851852,73.18807870370371
dataA,02_01_061.png,50.82823350694444,39.181956826761194,47.0537109375,52.276186342592595,53.3828125
dataA,F65-30.png,119.92849392361111,66.4511881261283,132.4027416087963,118.09371383101852,96.7976707175926
dataA,F5-80.png,157.06401909722223,64.04223388966331,168.10557725694446,155.22706886574073,137.47236689814815
dataA,06_00_001.png,53.00925925925926,47.145485660891254,49.9351490162037,53.827835648148145,56.95934606481482
dataA,F7-80.png,146.78757957175927,68.95630647376493,158.05692997685185,144.79144965277777,127.44643373842592
dataA,04_00_030.png,83.97594762731481,62.097045641834015,78.23824508101852,85.40780526620371,91.50831886574075
dataA,F10-71.png,82.62821903935185,62.50694216754813,76.48462818287037,84.46741174768519,89.17339409722223
dataA,F2-20.png,107.66767939814815,64.11152670028737,105.24862557870371,108.20999710648148,111.16062644675925
dataA,10_00_020.png,75.24797453703704,61.07133744149436,69.84233940972223,77.29173900462963,78.67903645833333
dataA,F70-91.png,86.66012008101852,60.82891891695883,81.15353732638889,88.13722511574075,93.27662037037037
dataA,03_00_090.png,81.49113859953704,55.09546239439718,88.30078125,80.27155671296296,69.96090133101852
dataA,F69-81.png,77.85478153935185,56.29691843018817,83.99978298611111,77.8009620949074,61.985206886574076
dataA,09_00_140.png,95.83944589120371,77.73406454672582,93.35673466435185,96.31553819444444,99.47092013888889
dataA,F65-11.png,125.32085503472223,64.40248724761054,139.16080729166666,122.83293547453704,101.96513310185185
dataA,F9-21.png,104.13509114583333,59.731386096814035,105.01526331018519,106.20124421296296,91.21918402777777
dataA,F64-80.png,122.95887586805556,64.52138837129137,136.4560185185185,120.68330439814815,99.41478587962963
dataA,02_01_180.png,79.41189236111111,48.88243502586444,70.5861183449074,81.75951244212963,90.70070167824075
dataA,07_00_160.png,52.44965277777778,44.17104436370463,48.2574146412037,53.56202980324074,57.84422019675926
dataA,03_00_170.png,97.39633969907408,57.37536528492912,106.40310329861111,95.18185763888889,85.15266927083333
dataA,F8-90.png,94.44032118055556,61.775505002384406,87.74580439814815,96.56210214120371,100.76388888888889
dataA,09_00_170.png,113.21126302083333,72.04423137943859,111.54365596064815,113.47808159722223,115.7900390625
dataA,04_00_220.png,83.17375578703704,57.83287969034849,80.12575954861111,83.77195457175925,87.93742766203704
dataA,F68-60.png,112.11997251157408,57.32484426059577,123.09024160879629,109.27698206018519,98.11671730324075
dataA,07_00_121.png,73.34342447916667,50.14325332960204,68.01895254629629,74.84957320601852,79.70475260416667
dataA,F5-61.png,157.63328269675927,64.30311094463416,168.72569444444446,155.80642361111111,137.87351707175927
dataA,04_00_050.png,91.10130931712963,58.7445726267585,85.35619212962963,92.54011140046296,98.54564525462963
dataA,03_01_181.png,92.55928096064815,64.97903108356857,88.98875144675925,94.36863425925925,92.52694589120371
dataA,10_00_041.png,73.17567274305556,63.95298898610079,67.2986472800926,75.4259620949074,76.81550202546296
dataA,10_00_161.png,79.15798611111111,63.10922575091091,73.4240089699074,81.09288194444444,84.01830150462963
dataA,07_00_221.png,52.080258969907405,43.93634212678094,47.740451388888886,53.3677662037037,57.00915075231482
dataA,F67-31.png,121.44440827546296,60.02062439567919,118.65632233796296,121.75238715277777,127.11758535879629
dataA,F64-1.png,120.72703269675925,64.39615767125605,133.72634548611111,118.78356481481481,96.775390625
dataA,10_00_241.png,93.57486979166667,63.43207905920753,86.45583767361111,95.64460358796296,101.35977285879629
dataA,F66-41.png,112.91446035879629,55.76479413443895,115.3953269675926,114.34610098379629,98.91840277777777
dataA,04_00_071.png,82.66579861111111,58.21181973621087,77.4794921875,84.06362123842592,88.80819589120371
dataA,F9-71.png,104.79600694444444,59.903094209406774,105.23741319444444,107.10391348379629,91.85800057870371
dataA,09_00_141.png,96.02354600694444,77.61205815383914,93.52766927083333,96.50444878472223,99.67646846064815
dataA,02_01_021.png,49.34516059027778,41.53547886449086,45.87659143518518,50.652162905092595,51.81691261574074
dataA,02_02_100.png,76.50618489583333,60.34654124199715,74.07045717592592,76.99045138888889,80.19907407407408
dataA,03_01_071.png,64.38230613425925,59.36807739376225,60.898654513888886,66.58792679398148,62.075339988425924
dataA,02_00_121.png,81.21205873842592,72.53668145813891,78.36881510416667,81.74088541666667,85.85337094907408
dataA,02_01_110.png,60.510561342592595,43.26530070990178,57.952293113425924,61.5005787037037,62.35973668981482
dataA,02_00_220.png,84.771484375,72.83170254217914,83.23741319444444,85.06926359953704,87.1505714699074
dataA,03_01_231.png,92.40328414351852,65.64454553006411,89.62568721064815,93.66482204861111,93.13009982638889
dataA,F6-10.png,102.71571180555556,69.31043132380539,98.4580078125,104.96806278935185,102.26095920138889
dataA,04_00_151.png,77.01320167824075,57.96118273877152,72.94281684027777,77.94827835648148,82.66587094907408
dataA,F68-61.png,110.93576388888889,58.02358296791911,121.96350549768519,108.15237991898148,96.40946903935185
dataA,F69-70.png,84.32776331018519,56.57258766734259,90.52897135416667,83.96538628472223,69.94560185185185
dataA,F64-50.png,128.08000578703704,62.93853413766573,141.1997974537037,125.89250578703704,105.08434606481481
dataA,03_01_220.png,92.58803530092592,66.1036927558994,89.61396846064815,93.86501736111111,93.74652777777777
dataA,F65-100.png,119.00365306712963,65.71788802881298,131.88755063657408,117.19788049768519,94.62387876157408
dataA,05_00_101.png,76.69925491898148,50.245691317491406,70.58850549768519,78.49544270833333,83.59078414351852
dataA,F2-11.png,107.59790943287037,63.93697870043733,105.33373119212963,108.06380208333333,111.05523003472223
dataA,03_00_040.png,101.36143663194444,56.18929825395346,111.53830295138889,98.82197627314815,87.67458767361111
dataA,F8-81.png,97.63389756944444,61.85004416040946,90.71647135416667,99.65281394675925,105.0509620949074
dataA,07_00_141.png,51.282552083333336,43.88726593965688,45.82660590277778,52.684751157407405,58.433376736111114
dataA,F70-10.png,109.33329716435185,56.79602131937486,103.38914207175925,110.95055700231481,116.42444299768519
dataA,08_00_060.png,101.45102719907408,59.36548769161965,95.02278645833333,103.27065248842592,108.64409722222223
dataA,05_00_041.png,74.80356626157408,51.56740372598491,67.96549479166667,76.74374276620371,82.83036747685185
dataA,F4-81.png,90.97037760416667,60.07365835189221,85.90650318287037,92.43681278935185,96.5109230324074
dataA,02_01_050.png,48.73929398148148,43.82774541866167,45.304361979166664,50.033528645833336,51.252242476851855
dataA,F68-20.png,107.21491608796296,59.88593848479595,117.580078125,104.69332320601852,93.02303964120371
dataA,10_00_221.png,100.39963107638889,60.92260308067498,93.3673683449074,102.48368778935185,107.96712239583333
dataA,F62-31.png,94.98795572916667,63.71604061833051,93.16833043981481,95.76486545138889,96.07266348379629
dataA,F2-41.png,108.18702980324075,63.68559969634986,105.59313512731481,108.85941116898148,111.59928385416667
dataA,F2-50.png,108.04745370370371,63.720362840359876,105.54159432870371,108.62442129629629,111.865234375
dataA,F67-21.png,125.50068721064815,59.05807351227642,122.64456741898148,125.82595486111111,131.22265625
dataA,F3-40.png,82.62977430555556,64.82088378894986,77.92390046296296,83.69263599537037,89.3543113425926
dataA,04_00_240.png,83.12698929398148,57.781350198152424,80.06014901620371,83.72305410879629,87.9181495949074
dataA,F4-41.png,73.86129195601852,59.3073917760672,70.09819878472223,75.07837818287037,77.35015190972223
dataA,05_00_070.png,75.88306568287037,51.190265179119095,69.14228877314815,77.77452256944444,83.94285300925925
dataA,05_00_050.png,77.77188223379629,50.73554612139433,71.63614004629629,79.72670717592592,83.97999855324075
dataA,06_00_051.png,44.4615162037037,45.42775454501413,42.752748842592595,45.094871238425924,45.695999710648145
dataA,08_00_141.png,97.41330295138889,61.692386301741024,90.31770833333333,99.36794704861111,105.70124421296296
dataA,02_02_050.png,72.42538339120371,57.2056064693694,68.72605613425925,73.61519820601852,75.73676215277777
dataA,F9-41.png,104.60890480324075,59.90347779950103,105.41091579861111,106.69086371527777,91.81944444444444
dataA,08_00_180.png,108.93174913194444,59.545791218444506,101.78606047453704,111.00238715277777,116.76985677083333
dataA,06_00_061.png,48.07530381944444,46.892678463222246,47.02875434027778,48.70417390046296,47.780996817129626
dataA,04_00_020.png,83.31184895833333,60.81487461292278,78.13603153935185,84.57653356481481,90.12999131944444
dataA,04_00_041.png,93.93493200231481,58.769783392965984,87.62894241898148,95.52564380787037,102.09016927083333
dataA,F64-100.png,121.39840133101852,64.28867386137297,134.62876157407408,119.15632233796296,98.35554108796296
dataA,F3-81.png,82.37452980324075,66.85351710797703,77.7062355324074,83.55078125,88.4619140625
dataB,09_00_103.png,99.59693287037037,75.68209989966151,97.22218605324075,100.07385706018519,103.0460792824074
dataB,F6-83.png,122.31000434027777,64.05284535220977,117.28616898148148,123.81094473379629,127.68532986111111
dataB,F61-12.png,74.93337673611111,59.7803086627826,85.04329427083333,72.28978587962963,62.27492042824074
dataB,F3-12.png,83.65863715277777,63.913307593133524,77.80823206018519,85.03323929398148,91.77643952546296
dataB,07_00_053.png,78.10004340277777,49.32834076415314,72.52680121527777,79.65480324074075,84.78591579861111
dataB,F3-92.png,86.52513744212963,64.48440130022779,81.57078269675925,87.720703125,93.17422598379629
dataB,F10-32.png,78.37355324074075,63.194187063195805,72.50122974537037,80.67813223379629,81.74092158564815
dataB,09_00_063.png,98.6804832175926,76.8767825252408,98.15071614583333,98.52944155092592,100.48122829861111
dataB,F66-93.png,104.00542534722223,58.78255574109122,106.27680121527777,105.39492910879629,90.76009114583333
dataB,02_02_182.png,88.23267505787037,60.753895468310425,84.09125434027777,90.21354166666667,88.70348668981481
dataB,F64-53.png,123.22001591435185,65.0870023604782,135.93540219907408,121.35210503472223,99.59038628472223
dataB,02_01_132.png,60.47471788194444,43.28360458221244,57.823929398148145,61.477683738425924,62.4759837962963
dataB,F10-82.png,80.70113570601852,63.59344813046552,75.29155815972223,82.55606192129629,85.15357349537037
dataB,F8-63.png,105.53609664351852,61.14571088134559,98.31293402777777,107.52311197916667,113.943359375
dataB,F7-92.png,142.48354311342592,70.51517561830977,152.80418113425927,141.16583478009258,122.14109519675925
dataB,F68-93.png,115.84201388888889,56.57765806095056,126.38252314814815,113.29871961805556,101.53258825231481
dataB,04_00_152.png,77.39409722222223,58.046148824861376,73.44636140046296,78.30580873842592,82.83510561342592
dataB,F68-22.png,108.56600839120371,59.45537552460602,118.75010850694444,106.1447120949074,94.37463831018519
dataB,F62-13.png,90.4607566550926,64.83216217884419,88.98169849537037,90.92418981481481,92.26038049768519
dataB,05_00_093.png,76.23716001157408,51.22890400480966,70.08572048611111,78.08561197916667,82.98111979166667
dataB,09_00_243.png,84.09313512731481,75.68753229869577,82.95695891203704,83.99638310185185,87.23484519675925
dataB,03_00_122.png,87.18504050925925,57.477647418089994,96.55935329861111,84.85344328703704,74.55812355324075
dataB,06_00_103.png,63.42328559027778,48.72775092087412,59.4896556712963,64.76891637731481,66.99367042824075
dataB,09_00_133.png,95.66858362268519,77.81760642356406,93.22312644675925,96.13588686342592,99.27940538194444
dataB,03_01_052.png,52.02926070601852,55.92599177089995,48.58159722222222,54.40082465277778,48.805844907407405
dataB,03_01_173.png,93.99160879629629,66.11660882542155,90.28197337962963,95.76830150462963,94.55819589120371
dataB,02_02_003.png,79.197265625,61.20502651172509,74.49055989583333,80.70308883101852,83.57099971064815
dataB,F9-32.png,104.60203269675925,59.928276891276425,105.41735387731481,106.67845775462963,91.81333188657408
dataB,F69-2.png,97.84848813657408,60.05789558121119,105.74215133101852,97.0363136574074,81.29340277777777
dataB,F70-33.png,109.87250434027777,56.622560442361504,103.01591435185185,111.90436921296296,117.16080729166667
dataB,05_00_232.png,60.31694878472222,48.72931644324321,55.696506076388886,61.90328414351852,64.50434027777777
dataB,02_02_193.png,88.22768373842592,60.7258955817113,84.09512442129629,90.203125,88.68077256944444
dataB,F10-13.png,74.89207175925925,61.87551847605025,69.64196325231481,76.86697048611111,78.34653501157408
dataB,08_00_243.png,110.22844328703704,59.162750247005995,103.31387442129629,112.29296875,117.5079933449074
dataB,06_00_102.png,63.57660590277778,48.67977556809125,59.666160300925924,64.93590856481481,67.03150318287037
dataB,03_00_242.png,105.06477864583333,55.112225368196796,114.47913049768519,102.7341941550926,92.2902199074074
dataB,F4-33.png,75.38491030092592,58.27478391812157,71.11968315972223,76.90342881944444,78.64442274305556
dataB,10_00_172.png,75.67158564814815,63.079301963030055,70.81239149305556,77.47952835648148,78.84714988425925
dataB,F69-13.png,98.57765480324075,63.313506946473616,105.61841724537037,97.19704861111111,87.18623408564815
dataB,02_01_043.png,49.647135416666664,43.61865098140566,46.7333984375,50.97609230324074,50.7398365162037
dataB,05_00_142.png,74.88245081018519,52.53921594106504,68.64308449074075,76.73546006944444,81.84280960648148
dataB,02_01_232.png,67.44712094907408,53.43721663438364,61.69231047453704,69.13418692129629,73.99956597222223
dataB,05_00_062.png,76.58995225694444,52.41106826801233,70.28059895833333,78.47652633101852,83.51124855324075
dataB,F8-72.png,101.09313512731481,61.11504737275038,94.16550925925925,103.04694733796296,108.8722511574074
dataB,04_00_243.png,83.12358940972223,57.76625612169726,80.04423466435185,83.72992621527777,87.93037471064815
dataB,04_00_133.png,72.41182002314815,56.37018443327716,67.92466001157408,73.49095775462963,78.38917824074075
dataB,F7-23.png,150.48028790509258,68.04773727153538,161.51920572916666,148.5810546875,131.25640190972223
dataB,F1-13.png,110.54390914351852,53.56960559633023,112.24837239583333,112.13700810185185,97.92375578703704
dataB,07_00_193.png,51.824978298611114,44.09463304542841,46.855685763888886,53.378725405092595,57.01265914351852
dataB,F65-83.png,117.69133391203704,66.42087824818361,130.38563368055554,115.97985387731481,93.29879195601852
dataB,10_00_102.png,79.22649016203704,63.17934258996384,73.43753616898148,81.15335648148148,84.24801070601852
dataB,F67-93.png,98.61324508101852,61.892795628145336,95.79835792824075,98.8370949074074,104.888671875
dataB,04_00_053.png,93.30960648148148,56.66322617993342,87.78273292824075,94.70706741898148,100.37959346064815
dataB,10_00_142.png,83.29239004629629,62.20000872209279,77.14713541666667,85.2041015625,89.36396846064815
dataB,02_00_113.png,80.8712745949074,72.292587466689,78.79195601851852,81.31181278935185,84.04210069444444
dataB,02_00_152.png,83.47410300925925,73.27941551288933,81.29007523148148,83.76493778935185,87.55696614583333
dataB,F1-83.png,113.71603732638889,53.40826631905346,115.46332465277777,115.3214699074074,100.77513744212963
dataB,02_00_052.png,85.17484085648148,72.47578339651662,83.62547019675925,85.4050925925926,88.1013816550926
dataB,03_01_103.png,74.48238570601852,62.69826349041494,71.71205873842592,76.34772858796296,72.10094762731481
dataB,F65-12.png,125.89829282407408,64.07960476241132,139.74244068287038,123.37214265046296,102.68876591435185
dataB,04_00_232.png,83.13422309027777,57.78445669262257,80.07486979166667,83.73108362268519,87.91127748842592
dataB,02_01_022.png,51.36921296296296,41.22896712046504,48.18894675925926,52.680808738425924,53.08987991898148
dataB,09_00_212.png,95.2607421875,74.50911871257208,92.4521484375,95.80497685185185,99.56333188657408
dataB,03_01_043.png,51.47804542824074,55.37840114282524,47.959309895833336,54.025065104166664,47.47269241898148
dataB,F1-23.png,111.83065682870371,53.72360703191814,113.0919777199074,113.58029513888889,99.49222366898148
dataB,F4-62.png,85.0529152199074,60.111039584243464,80.32038483796296,86.48875144675925,89.84646267361111
dataB,F3-2.png,84.13953993055556,64.51969020726241,77.92310474537037,85.62301070601852,92.64785879629629
dataB,F67-32.png,120.58951822916667,60.37291951906223,117.82316984953704,120.90961371527777,126.17758969907408
dataB,02_01_102.png,60.14905237268518,42.877164919415684,58.01605902777778,61.117006655092595,61.060836226851855
dataB,09_00_213.png,94.6131004050926,74.65372375087824,91.84729456018519,95.14022714120371,98.83543113425925
dataB,02_02_033.png,74.25889756944444,58.889587672904,70.55598958333333,75.48158998842592,77.48813657407408
dataB,08_00_213.png,108.41301359953704,61.298931937106566,101.41782407407408,110.44184027777777,116.14485677083333
dataB,10_00_202.png,93.55414496527777,61.12064091128355,87.30794270833333,95.63234230324075,99.01671006944444
dataB,F61-13.png,74.64963107638889,59.70557977588285,84.66579861111111,72.03313078703704,62.128689236111114
dataB,04_00_212.png,83.21708622685185,57.856932702698266,80.17928964120371,83.81394675925925,87.951171875
dataB,04_00_193.png,82.99312789351852,58.12743072074878,80.01667390046296,83.56850405092592,87.68692129629629
dataB,F2-62.png,103.99757667824075,60.04724185385059,100.87395109953704,105.24515335648148,105.92281539351852
dataB,02_00_193.png,78.91366464120371,72.57806922701943,77.42549189814815,79.15715422453704,81.44625289351852
dataB,10_00_193.png,88.63527199074075,60.90421814386399,82.67162181712963,90.76378038194444,93.08308015046296
dataB,05_00_033.png,73.61942997685185,52.149849762301606,65.49370659722223,75.45171440972223,85.48318142361111
dataB,F3-93.png,86.5916160300926,64.37627367958456,81.81474247685185,87.74240451388889,93.0265480324074
dataB,02_01_082.png,54.23433883101852,41.46250359343835,51.17527488425926,55.463179976851855,56.14637586805556
dataB,04_00_123.png,72.85130931712963,55.663103279617836,68.10818142361111,74.0060402199074,79.12351707175925
dataB,02_01_083.png,54.181459780092595,41.54512421194223,51.109194155092595,55.40237991898148,56.13122106481482
dataB,05_00_092.png,76.07447193287037,51.157940713894135,70.04155815972223,77.95771846064815,82.32447193287037
dataB,09_00_242.png,83.7931495949074,75.37315446503118,82.20298032407408,83.873046875,87.22894965277777
dataB,F9-92.png,102.97366898148148,61.23991875150842,103.26656539351852,105.30551938657408,90.28125
dataB,F5-72.png,156.59288194444446,63.629670240114336,167.4638310185185,154.80631510416666,137.22319878472223
dataB,F61-63.png,81.49178964120371,64.76906764022104,91.22963686342592,79.21527777777777,67.87738715277777
dataB,05_00_133.png,76.04984085648148,51.69275891030963,70.05595341435185,77.84892216435185,82.6720558449074
dataB,06_00_162.png,45.371744791666664,44.6672890415767,45.017795138888886,45.534324363425924,45.58543113425926
dataB,08_00_003.png,95.13621238425925,61.060911068688014,89.68721064814815,96.66511140046296,101.43171296296296
dataB,09_00_112.png,92.54929832175925,76.9887804115561,90.13755063657408,92.97768373842592,96.275390625
dataB,03_01_092.png,70.81752748842592,62.140801266809646,67.37395109953704,73.0304542824074,68.36906828703704
dataB,F63-33.png,111.52173755787037,70.85462479630299,122.22598379629629,109.04716435185185,96.11563223379629
dataB,07_00_182.png,51.79307725694444,43.74488941504396,47.31004050925926,53.29495804398148,55.988462094907405
dataB,F62-23.png,94.3038917824074,64.575350285412,92.55222800925925,94.91507523148148,96.02763310185185
dataB,02_01_192.png,63.67288773148148,53.343725792972336,57.4013671875,65.39022714120371,71.42751736111111
dataB,02_01_063.png,49.998842592592595,39.698899264678296,45.93355758101852,51.47515190972222,53.140480324074076
dataB,F65-32.png,119.86190682870371,65.8366842612244,132.80533854166666,117.95442708333333,95.88747829861111
dataB,F5-82.png,156.51790364583334,63.659624442851026,167.38002748842592,154.72547743055554,137.18583622685185
dataB,06_00_003.png,53.22106481481482,47.05503268952712,50.09827112268518,54.047562210648145,57.245768229166664
dataB,F7-82.png,146.0150101273148,68.26233311006114,157.26765046296296,144.02199074074073,126.71372251157408
dataB,04_00_032.png,86.51370804398148,61.38127431387431,80.37434895833333,87.97743055555556,94.91854745370371
dataB,F10-73.png,82.642578125,61.90241161102432,76.37912326388889,84.60521556712963,88.84993489583333
dataB,F2-23.png,107.67097077546296,64.0844412011479,105.26168258101852,108.21267361111111,111.15834780092592
dataB,10_00_022.png,75.04304108796296,61.6405757202736,69.69878472222223,77.05595341435185,78.43681278935185
dataB,F70-93.png,84.56105324074075,61.117077205064035,78.95388454861111,86.0701316550926,91.24016203703704
dataB,03_00_092.png,82.68771701388889,55.52731999992096,89.70804398148148,81.34382233796296,71.25690827546296
dataB,F69-83.png,76.07693142361111,55.881403360757105,82.17371961805556,76.19202112268519,59.43406394675926
dataB,09_00_142.png,96.38798466435185,77.43037285615563,93.87818287037037,96.86780237268519,100.07078269675925
dataB,F65-22.png,125.75857204861111,63.45684156786268,138.11830873842592,123.70193142361111,104.05848524305556
dataB,F9-3.png,106.75094039351852,60.91071971357244,107.26030815972223,108.70457175925925,95.36121961805556
dataB,F64-82.png,123.93894675925925,64.70616314187902,137.64265046296296,121.50227864583333,100.67444299768519
dataB,02_01_182.png,75.29890046296296,50.74126306220116,67.22663483796296,77.42129629629629,85.75694444444444
dataB,07_00_162.png,50.57067418981482,44.10488747189923,46.50437644675926,51.64659288194444,55.8373119212963
dataB,03_00_172.png,98.28266059027777,57.417439598631205,107.0411964699074,96.05045572916667,86.73234953703704
dataB,F8-92.png,92.73737702546296,62.16464604676845,85.93004918981481,94.89547164351852,99.14380787037037
dataB,09_00_172.png,111.89189091435185,72.56337673877553,110.2509765625,112.1259765625,114.61686197916667
dataB,04_00_222.png,83.17541956018519,57.814655620201826,80.11939380787037,83.77191840277777,87.94205729166667
dataB,F68-62.png,111.30660445601852,58.44578072953483,122.22916666666667,108.58101851851852,96.76298466435185
dataB,07_00_123.png,74.39850983796296,49.772287902346285,69.32157841435185,75.87033420138889,80.28114149305556
dataB,F5-63.png,157.80584490740742,64.48389628124379,168.9580078125,155.9622757523148,137.97186053240742
dataB,04_00_052.png,92.81181278935185,57.08003521682377,87.20732060185185,94.21871383101852,100.03555410879629
dataB,03_01_183.png,90.78305844907408,64.9323028168181,87.27047164351852,92.57866753472223,90.66655815972223
dataB,10_00_043.png,80.15393518518519,62.98214516443781,74.30400028935185,82.45251012731481,83.43977864583333
dataB,10_00_163.png,76.33615451388889,63.45399968444052,70.49471932870371,78.29488570601852,81.37771267361111
dataB,07_00_223.png,52.095377604166664,43.95088202433246,47.7572337962963,53.385054976851855,57.00383391203704
dataB,F67-33.png,119.63020833333333,60.830415541351094,116.90860098379629,119.935546875,125.14228877314815
dataB,F64-12.png,115.22482638888889,66.10839887766858,127.78913483796296,113.42664930555556,91.65310329861111
dataB,10_00_243.png,91.1240234375,63.51367032481338,83.90241608796296,93.22059461805556,99.07486979166667
dataB,F66-43.png,112.77155671296296,55.67157822546152,115.17404513888889,114.21444589120371,98.9140625
dataB,04_00_073.png,79.61367910879629,58.70562951722711,74.63863570601852,80.953125,85.5421730324074
dataB,F9-73.png,104.78508391203704,59.93848148569704,105.28855613425925,107.04875578703704,91.92466001157408
dataB,09_00_143.png,96.69585503472223,77.258207568869,94.16207320601852,97.18381076388889,100.40444155092592
dataB,02_01_023.png,51.811740451388886,41.38640339746865,48.78754340277778,53.114945023148145,53.187355324074076
dataB,02_02_102.png,78.50368923611111,60.093714677004314,74.69133391203704,79.5418113425926,82.93522135416667
dataB,03_01_073.png,71.07143373842592,62.35404599098243,67.82671440972223,72.96965422453704,69.716796875
dataB,02_00_123.png,81.05425347222223,72.99932582188441,78.5470558449074,81.49063223379629,85.26490162037037
dataB,02_01_112.png,60.5296947337963,43.24816668326561,57.973849826388886,61.507161458333336,62.4271556712963
dataB,02_00_222.png,85.5363136574074,73.4700936193362,83.94314236111111,85.88013599537037,87.82190393518519
dataB,03_01_233.png,92.77680121527777,65.69568548797835,89.99247685185185,94.04090711805556,93.50868055555556
dataB,F6-13.png,105.23922164351852,68.73112424695701,101.05222800925925,107.40733506944444,105.06734664351852
dataB,04_00_153.png,77.75148292824075,58.13900898958037,73.81781684027777,78.65733506944444,83.18167679398148
dataB,F68-63.png,112.49703414351852,58.2644259914324,123.22439236111111,109.8224464699074,98.2412109375
dataB,F69-72.png,86.04973234953704,56.627158478330735,92.09592013888889,85.64572482638889,72.30385561342592
dataB,F64-52.png,124.76974826388889,64.67306552404105,137.60434751157408,122.83199508101852,101.21339699074075
dataB,03_01_222.png,91.30523003472223,66.87328040681838,88.46705005787037,92.51989293981481,92.41127748842592
dataB,F65-2.png,119.4298683449074,65.72006342543764,132.10275607638889,117.62290219907408,95.60109230324075
dataB,05_00_103.png,78.89322916666667,50.33408813808842,73.76613136574075,80.6834129050926,83.29850260416667
dataB,F2-22.png,107.64840133101852,64.10104788450946,105.23896846064815,108.19071903935185,111.1310402199074
dataB,03_00_042.png,106.97829861111111,57.536630648952496,116.84465422453704,104.48708767361111,93.90093315972223
dataB,F8-83.png,96.88017216435185,61.8938383249712,90.10091145833333,98.8798828125,104.05280671296296
dataB,07_00_143.png,52.525535300925924,43.397906103847994,47.697482638888886,53.91355613425926,58.13176359953704
dataB,F70-13.png,109.2843605324074,56.81871717776192,103.265625,110.92856626157408,116.44654224537037
dataB,08_00_062.png,101.15776909722223,59.15802454588237,95.12510850694444,102.88208912037037,107.78363715277777
dataB,05_00_043.png,75.6447120949074,51.46571900962918,69.22757523148148,77.52907986111111,82.90628616898148
dataB,F4-83.png,91.43569155092592,59.40099810314832,86.78938802083333,92.77278645833333,96.60803674768519
dataB,02_01_052.png,48.017903645833336,43.31109210611923,44.30750868055556,49.3080150462963,51.243887442129626
dataB,F68-23.png,109.51276765046296,59.243950007153174,119.56901041666667,107.15693721064815,95.33615451388889
dataB,10_00_223.png,100.14261429398148,61.15625167721721,93.34707754629629,102.1603370949074,107.39713541666667
dataB,F62-33.png,95.00119357638889,63.93866728523476,93.18551070601852,95.78830295138889,96.03077980324075
dataB,F2-43.png,106.48477285879629,63.9456238473137,103.6677879050926,107.28920717592592,109.83948206018519
dataB,F2-52.png,107.74294704861111,63.452828985360924,105.16319444444444,108.38078703703704,111.41626880787037
dataB,F67-3.png,114.08836082175925,62.66599113068141,111.64409722222223,114.26070601851852,119.46878616898148
dataB,F3-42.png,82.75188078703704,65.07008549675675,78.07675057870371,83.79651331018519,89.5408347800926
dataB,04_00_242.png,83.10749421296296,57.77156287329332,80.04513888888889,83.70750144675925,87.91051793981481
dataB,F4-43.png,74.15455005787037,59.28232796163158,70.45062934027777,75.3253761574074,77.7214988425926
dataB,05_00_072.png,77.00108506944444,50.93590302521317,70.41634114583333,78.89156539351852,84.63997395833333
dataB,05_00_052.png,78.20298032407408,50.59084670227267,72.18453414351852,80.16576244212963,84.04966001157408
dataB,06_00_053.png,43.924660011574076,44.92956166796529,42.14652054398148,44.51909722222222,45.5611255787037
dataB,08_00_143.png,97.56644241898148,61.4603059786043,91.0632957175926,99.41185619212963,104.87033420138889
dataB,02_02_052.png,74.31051070601852,57.316242603169904,70.48347077546296,75.52177372685185,77.84284577546296
dataB,F9-43.png,104.60615596064815,59.90809488994434,105.39898003472223,106.68985098379629,91.82168692129629
dataB,08_00_182.png,108.99475549768519,59.43751832851928,102.06940827546296,111.01960358796296,116.49815538194444
dataB,06_00_063.png,49.050057870370374,47.02480026830979,47.948567708333336,49.648256655092595,49.041847511574076
dataB,04_00_022.png,82.24833622685185,61.140384281698815,76.89069733796296,83.56792534722223,89.24569589120371
dataB,04_00_043.png,92.9443359375,58.83953030056675,86.74652777777777,94.50014467592592,100.97634548611111
dataB,F64-2.png,120.29926215277777,64.52546632031209,133.34147135416666,118.28450520833333,96.58474392361111
dataB,F3-83.png,82.03056278935185,66.53711945867538,77.39131221064815,83.18992332175925,88.0498046875
dataC,09_00_105.png,99.90368200231481,76.3255068107319,97.86845341435185,100.20981626157408,103.34364149305556
dataC,F6-85.png,122.49157262731481,64.4242760314296,117.65418836805556,123.88512731481481,127.89362702546296
dataC,F61-14.png,74.97421151620371,59.8439118593725,84.98936631944444,72.36201533564815,62.46882233796296
dataC,F3-14.png,84.294921875,63.79711551153607,78.45308883101852,85.66923466435185,92.3533347800926
dataC,07_00_055.png,78.12178096064815,49.32227866957485,72.54734519675925,79.67690248842592,84.81282552083333
dataC,F3-94.png,87.97294560185185,63.93648224365961,83.43735532407408,89.05168547453704,94.19929108796296
dataC,F10-4.png,80.61968315972223,60.68988687293471,75.16608796296296,82.59678819444444,84.615234375
dataC,09_00_065.png,101.17118778935185,75.65819088378936,98.63382523148148,101.85105613425925,103.9435402199074
dataC,F66-95.png,103.08246527777777,59.16673696053099,105.36252170138889,104.45930989583333,89.91644965277777
dataC,02_02_184.png,88.21979890046296,60.758870214000694,84.08499710648148,90.19954427083333,88.68044704861111
dataC,F64-55.png,122.92136863425925,64.24579611356474,135.77810329861111,121.17068142361111,98.32548466435185
dataC,02_01_134.png,60.45656105324074,43.32696761045208,57.80023871527778,61.467050057870374,62.462673611111114
dataC,F10-84.png,82.94798900462963,63.76101688807771,77.47066695601852,84.8068214699074,87.60988136574075
dataC,F8-65.png,105.17136863425925,60.990326715097545,97.93446180555556,107.16811342592592,113.58619068287037
dataC,F7-94.png,141.39923321759258,70.60685230205803,151.48430266203704,140.2519169560185,120.77940538194444
dataC,F68-95.png,119.14398871527777,55.61926201318278,130.12774884259258,116.1328125,106.11838107638889
dataC,04_00_154.png,77.77419704861111,58.30590727792238,73.85065827546296,78.67046440972223,83.23799189814815
dataC,F68-25.png,112.51012731481481,59.22828766286032,122.89717158564815,109.89977575231481,98.8308738425926
dataC,F62-15.png,91.39778645833333,64.86821831540503,89.7449363425926,91.94227430555556,93.22598379629629
dataC,05_00_095.png,78.05711082175925,50.569846221448834,71.34555844907408,79.85998987268519,86.49439380787037
dataC,09_00_245.png,85.22128182870371,75.99236277325205,84.40031828703704,85.03135850694444,88.01016348379629
dataC,03_00_124.png,89.63078703703704,57.20565800134358,99.06213831018519,87.27105034722223,76.97819010416667
dataC,06_00_105.png,62.60210503472222,48.759399971259434,58.696578414351855,63.842122395833336,66.59382233796296
dataC,09_00_135.png,95.66319444444444,77.81157956902692,93.2185691550926,96.13310185185185,99.27795862268519
dataC,03_01_054.png,52.114547164351855,56.65546580130126,48.752748842592595,54.34729456018518,49.359049479166664
dataC,03_01_175.png,94.06864872685185,65.54611101139443,90.4230324074074,95.83264612268519,94.48618344907408
dataC,02_02_005.png,79.18518518518519,61.20678979759368,74.48665364583333,80.69140625,83.56344039351852
dataC,F9-4.png,105.31705729166667,62.0544677592739,105.64243344907408,107.30819589120371,94.21766493055556
dataC,F69-24.png,94.01689091435185,64.11785354507046,101.70439091435185,92.53287760416667,81.42954282407408
dataC,F70-44.png,102.15852864583333,58.37628818052394,96.10217737268519,103.75452112268519,109.54824942129629
dataC,05_00_234.png,64.47084780092592,47.77498850137692,60.014829282407405,66.00770399305556,68.47160734953704
dataC,02_02_195.png,88.22873263888889,60.71488941866441,84.10206886574075,90.20041232638889,88.69075520833333
dataC,F10-15.png,75.82798032407408,61.91577987509549,70.31318721064815,77.95424623842592,79.15086082175925
dataC,08_00_245.png,110.37586805555556,59.04200236465529,103.45395688657408,112.44730179398148,117.63606770833333
dataC,06_00_104.png,63.191731770833336,48.833523175634,59.31944444444444,64.4884620949074,66.84903067129629
dataC,03_00_244.png,105.66001157407408,55.33438247729331,115.13234230324075,103.24099392361111,93.23068576388889
dataC,F4-44.png,73.42708333333333,60.19410184793932,69.65787760416667,74.60413049768519,77.14796730324075
dataC,10_00_174.png,76.93547453703704,63.08440402736462,71.88990162037037,78.72410300925925,80.74280237268519
dataC,F69-15.png,98.36244936342592,63.20139677538318,105.4256004050926,96.8693214699074,87.49942129629629
dataC,02_01_045.png,51.382016782407405,43.64676607443744,48.533383969907405,52.714518229166664,52.30070891203704
dataC,05_00_144.png,75.08890335648148,51.904348526512926,68.68395543981481,76.98408564814815,82.26768663194444
dataC,02_01_234.png,69.87941261574075,52.518478739827565,64.26396122685185,71.6222511574074,75.82150607638889
dataC,05_00_064.png,72.52499276620371,52.835241491046425,65.47410300925925,74.48090277777777,80.9541015625
dataC,F8-74.png,100.77003761574075,61.47434993131486,93.79539207175925,102.74819155092592,108.55135995370371
dataC,04_00_245.png,83.08336950231481,57.789923905675536,80.00166377314815,83.68308738425925,87.89503761574075
dataC,04_00_135.png,72.35894097222223,56.59681850671611,67.98097511574075,73.38812934027777,78.31944444444444
dataC,F7-34.png,147.22055844907408,67.37273105530286,157.85282841435185,145.60890480324073,127.50944010416667
dataC,F1-15.png,110.62955729166667,53.62442059365675,112.36237702546296,112.20912905092592,98.02007378472223
dataC,07_00_195.png,52.13245081018518,43.957292874211184,47.892252604166664,53.37250434027778,57.033203125
dataC,F65-85.png,118.81821469907408,65.89467527916071,131.74128327546296,116.90274160879629,94.91189236111111
dataC,10_00_104.png,83.58557581018519,63.02733022286008,77.6337890625,85.38599537037037,89.70826099537037
dataC,F67-95.png,97.52860966435185,62.05240344194809,94.5232566550926,97.80512152777777,104.06745515046296
dataC,04_00_055.png,93.76906105324075,56.21348816772504,88.40621383101852,95.14261429398148,100.51501012731481
dataC,10_00_144.png,81.91702835648148,62.31693028169913,75.89554398148148,83.82479745370371,87.69455295138889
dataC,02_00_115.png,81.65487557870371,71.93597374021755,79.58658854166667,82.05754484953704,85.0
dataC,02_00_154.png,80.72280092592592,72.76432040010457,78.6015625,80.94524016203704,85.00383391203704
dataC,F1-85.png,113.72008825231481,53.396311138704874,115.46867766203704,115.32338686342592,100.77611400462963
dataC,02_00_054.png,85.17719184027777,72.47653499012232,83.62199797453704,85.40787760416667,88.09762008101852
dataC,03_01_105.png,75.49225983796296,62.012212929054634,72.12977430555556,77.40939670138889,74.3797019675926
dataC,F65-14.png,125.56391059027777,64.32038795917556,139.39250578703704,122.98759403935185,102.69223813657408
dataC,04_00_234.png,83.14196325231481,57.78351556782541,80.08394820601852,83.73802806712963,87.93037471064815
dataC,02_01_024.png,53.089048032407405,41.42975562885259,50.41883680555556,54.367513020833336,53.66702835648148
dataC,09_00_214.png,95.43728298611111,75.07727145203567,92.74099392361111,95.9881004050926,99.37015335648148
dataC,03_01_045.png,55.7724609375,56.09452650594731,52.20695891203704,58.177047164351855,52.61957465277778
dataC,F1-34.png,113.86067708333333,53.84522993230556,115.11628327546296,115.52817563657408,101.85774739583333
dataC,F4-64.png,85.96451822916667,60.161273597475706,81.10485387731481,87.43283420138889,90.92581741898148
dataC,F3-24.png,84.71325231481481,63.5206888938356,79.00050636574075,86.10120081018519,92.38252314814815
dataC,F67-4.png,113.78540943287037,62.83917396886983,111.279296875,113.9816261574074,119.20909288194444
dataC,02_01_104.png,60.27730758101852,42.87767109953457,58.18504050925926,61.229745370370374,61.116934317129626
dataC,09_00_215.png,97.89724392361111,75.50030062591219,95.30280671296296,98.4777199074074,101.41739004629629
dataC,02_02_035.png,76.95225694444444,57.84842195400181,73.18844039351852,78.24562355324075,79.95030381944444
dataC,08_00_215.png,107.84841579861111,61.19151228622907,100.97497106481481,109.85727719907408,115.29633246527777
dataC,10_00_204.png,96.31351273148148,60.386083756007636,89.69350405092592,98.45247395833333,102.41333912037037
dataC,F61-15.png,75.13310185185185,59.97809513618744,85.11762152777777,72.53844762731481,62.57483362268518
dataC,04_00_214.png,83.22399450231481,57.84025416196581,80.18254484953704,83.81796151620371,87.97214988425925
dataC,04_00_195.png,83.03909866898148,58.09307439586918,80.044921875,83.62525318287037,87.74327256944444
dataC,F2-64.png,97.50191695601852,59.924117083579766,94.1267722800926,99.02018229166667,98.74399594907408
dataC,02_00_195.png,77.16351996527777,72.38403973838618,75.77524594907408,77.37203414351852,79.66937934027777
dataC,10_00_195.png,89.32508680555556,60.96785928211564,83.29911747685185,91.46137152777777,93.89489293981481
dataC,05_00_035.png,72.05439814814815,52.520486311461404,63.66995804398148,73.9035011574074,84.51924189814815
dataC,F3-95.png,89.17838541666667,63.315252411266435,84.67314091435185,90.26718026620371,95.28099681712963
dataC,02_01_084.png,54.42581741898148,41.84014660459196,51.190755208333336,55.6236255787037,56.904947916666664
dataC,04_00_125.png,72.07653356481481,55.6925340578913,67.2488425925926,73.27502893518519,78.37427662037037
dataC,02_01_085.png,54.57367621527778,42.153346052115204,51.2749927662037,55.734664351851855,57.4038990162037
dataC,05_00_094.png,77.48893229166667,50.74552789620151,71.12651909722223,79.30244502314815,84.96730324074075
dataC,09_00_244.png,84.62738715277777,75.87863786699353,83.83427372685185,84.40628616898148,87.4894386574074
dataC,F9-94.png,102.8142722800926,61.78758183803844,103.12724247685185,105.14315682870371,90.0548683449074
dataC,F5-74.png,156.90375434027777,63.74293456963248,167.89380787037038,155.08474392361111,137.37322771990742
dataC,F61-65.png,81.80143229166667,64.82941186394079,91.6435546875,79.52018229166667,67.92426215277777
dataC,05_00_135.png,75.83355034722223,51.85808096425761,69.81011284722223,77.63498263888889,82.5390625
dataC,06_00_164.png,44.90190972222222,44.799024742517986,44.71433738425926,45.04741753472222,44.79600694444444
dataC,08_00_005.png,95.15158420138889,61.04982042581183,89.69661458333333,96.67635995370371,101.45156973379629
dataC,09_00_114.png,93.95847800925925,77.47793199024139,91.54014756944444,94.40223524305556,97.64026331018519
dataC,03_01_094.png,70.49797453703704,61.66677983243595,67.10904947916667,72.67661313657408,68.11176215277777
dataC,F63-44.png,109.96824363425925,69.05878313430934,120.08394820601852,107.6416015625,95.38501880787037
dataC,07_00_184.png,51.72359664351852,43.93949443504868,46.99211516203704,53.24710648148148,56.437753182870374
dataC,F62-34.png,95.03913483796296,64.02371162450221,93.26620370370371,95.8074363425926,96.07765480324075
dataC,02_01_194.png,62.507016782407405,53.76307598226639,56.36512586805556,63.973379629629626,71.16829427083333
dataC,02_01_065.png,49.1878978587963,39.81265302033193,44.84631799768518,50.71390335648148,52.77492042824074
dataC,F65-4.png,118.81723813657408,65.66096443542162,131.39485677083334,117.08503327546296,94.85803674768519
dataC,F5-84.png,156.8388671875,63.7962208625562,167.8271846064815,155.0208695023148,137.31170428240742
dataC,06_00_005.png,53.188151041666664,47.05968142039663,50.07280815972222,54.01569733796296,57.20949074074074
dataC,F7-84.png,145.55656828703704,69.29214050102715,156.74225983796296,143.63020833333334,126.08619068287037
dataC,04_00_034.png,92.06358506944444,60.27447114069766,85.97222222222223,93.55049189814815,100.1923828125
dataC,F10-75.png,82.8683449074074,62.345659772876715,76.4754050925926,84.93547453703704,88.88972077546296
dataC,F2-34.png,108.99526186342592,64.52987101121211,106.32722077546296,109.70945457175925,112.25915075231481
dataC,10_00_024.png,75.51967592592592,61.91895397309153,70.23954716435185,77.50159143518519,78.89717158564815
dataC,F70-95.png,80.62141927083333,61.55342114254424,75.13661024305556,82.0861183449074,87.21393952546296
dataC,03_00_094.png,80.92805989583333,55.88330058096785,87.55186631944444,79.79419849537037,69.42050057870371
dataC,F69-85.png,74.46596498842592,55.99529136700151,80.49421296296296,74.61414930555556,57.858651620370374
dataC,09_00_144.png,97.03266059027777,77.06529525891477,94.47952835648148,97.52311197916667,100.77683738425925
dataC,F65-25.png,124.06311487268519,63.49132365463756,135.46614583333334,122.3624855324074,103.04904513888889
dataC,F9-35.png,104.60181568287037,59.91923316730938,105.40874565972223,106.68276186342592,91.82002314814815
dataC,F64-84.png,123.93999565972223,64.86371693165445,137.6709346064815,121.42422598379629,100.97717737268519
dataC,02_01_184.png,70.98057725694444,52.07577187124756,63.7582103587963,72.89322916666667,80.29951533564815
dataC,07_00_164.png,52.503689236111114,43.44386178753607,48.65223524305556,53.67426215277778,56.729347511574076
dataC,03_00_174.png,98.65556278935185,55.97967868608459,107.33083767361111,96.52770543981481,86.76493778935185
dataC,F8-94.png,89.12999131944444,62.952580352914865,82.4923683449074,91.27741608796296,95.1404441550926
dataC,09_00_174.png,111.82508680555556,73.39692242816,110.33485243055556,111.99898726851852,114.47034143518519
dataC,04_00_224.png,83.17505787037037,57.78557265792265,80.12062355324075,83.7734375,87.93702980324075
dataC,F68-64.png,114.03645833333333,57.780908926867276,124.5662254050926,111.37619357638889,100.22804542824075
dataC,07_00_125.png,75.72714120370371,48.86097942948713,70.65867332175925,77.23365162037037,81.44404658564815
dataC,F5-65.png,157.2904007523148,63.976181506991765,168.35235821759258,155.45496961805554,137.65675636574073
dataC,04_00_054.png,93.59103732638889,56.368992215452636,88.17093460648148,94.96802662037037,100.47837094907408
dataC,03_01_185.png,91.3173828125,64.99276857416564,87.80237268518519,93.1036964699074,91.25875289351852
dataC,10_00_045.png,79.29159432870371,64.22513659063273,72.9050925925926,81.62344473379629,83.88624855324075
dataC,10_00_165.png,73.7763671875,63.764663992458956,67.83528645833333,75.75705295138889,78.94769965277777
dataC,07_00_225.png,52.11570457175926,43.939656240339474,47.78179253472222,53.40784143518518,57.01414207175926
dataC,F67-44.png,118.4998191550926,59.85639643690338,115.73462818287037,118.82953559027777,123.95974392361111
dataC,F64-14.png,115.76182725694444,66.34979180384401,128.24244068287038,114.0947265625,91.74197048611111
dataC,10_00_245.png,89.0480324074074,63.386817298549474,82.15657552083333,91.05356626157408,96.59042245370371
dataC,F66-5.png,115.10391348379629,55.54080786999151,117.97547743055556,116.56409143518519,99.98386863425925
dataC,04_00_075.png,76.2244285300926,59.31675701515996,71.31434461805556,77.51895254629629,82.1730324074074
dataC,F9-75.png,105.16677517361111,60.091957887607585,105.56358506944444,107.47290943287037,92.33857783564815
dataC,09_00_145.png,97.2595847800926,76.91251906440344,94.67484085648148,97.75365306712963,101.0411964699074
dataC,02_01_025.png,53.750795717592595,41.81500547084211,51.37554253472222,54.983615451388886,53.7642505787037
dataC,02_02_104.png,82.05439814814815,58.99243841597646,77.12839988425925,83.62257667824075,86.66149450231481
dataC,03_01_075.png,63.207718460648145,61.63141355587483,59.6997974537037,65.56810619212963,60.18894675925926
dataC,02_00_125.png,80.28273292824075,72.69980670631298,78.18645109953704,80.59049479166667,84.1261574074074
dataC,02_01_114.png,60.52300347222222,43.2770323062755,57.91120515046296,61.5218822337963,62.46242042824074
dataC,02_00_224.png,85.67795138888889,73.54497860006946,84.01038049768519,86.01504629629629,88.22157118055556
dataC,03_01_235.png,92.8115234375,65.70197338980432,90.03555410879629,94.07085503472223,93.51291232638889
dataC,F6-15.png,107.52481192129629,68.98848550340664,103.62456597222223,109.52137586805556,107.43211082175925
dataC,04_00_155.png,77.86997251157408,58.32929411585265,73.93467881944444,78.77376302083333,83.33705873842592
dataC,F68-65.png,115.2609230324074,57.62125013572307,125.62601273148148,112.63888888888889,101.72337962962963
dataC,F69-74.png,86.94979745370371,56.92002387065405,93.01609519675925,86.50104890046296,73.41843894675925
dataC,F64-54.png,123.10134548611111,64.66025997344262,135.82414641203704,121.30161313657408,99.1046730324074
dataC,03_01_224.png,89.1572265625,66.7905352975171,86.470703125,90.33463541666667,90.04600694444444
dataC,F65-24.png,124.87698929398148,63.38185008927154,136.7086226851852,123.00871672453704,103.591796875
dataC,05_00_105.png,75.98039641203704,51.03310776272166,69.68797019675925,77.85054976851852,83.00582320601852
dataC,F2-25.png,107.66037326388889,64.08010736606064,105.24754050925925,108.20055700231481,111.14431423611111
dataC,03_00_044.png,105.01605902777777,58.08818305495659,115.29709201388889,102.59429253472223,90.49131944444444
dataC,F8-85.png,96.9509910300926,61.99202381607652,90.24348958333333,98.93225549768519,104.03649450231481
dataC,07_00_145.png,56.480215567129626,43.14286280360902,51.633065682870374,58.01916956018518,61.425925925925924
dataC,F70-15.png,109.35767505787037,56.777414868034974,103.40661168981481,110.97196903935185,116.49801070601852
dataC,08_00_064.png,101.77141203703704,59.099390584426466,95.9267578125,103.46574797453704,108.04166666666667
dataC,05_00_045.png,77.74551504629629,50.68113580200711,71.42997685185185,79.57291666666667,85.01388888888889
dataC,F4-85.png,91.44487847222223,59.351214166818096,86.83626302083333,92.77810329861111,96.5691550925926
dataC,02_01_054.png,45.85850694444444,41.64298827164162,41.75875289351852,47.126663773148145,50.172634548611114
dataC,F68-34.png,118.63064236111111,56.439186136613436,128.3743851273148,115.64905237268519,108.52314814814815
dataC,10_00_225.png,98.34487123842592,60.87693472093028,91.6384910300926,100.3582175925926,105.40870949074075
dataC,F62-44.png,94.91377314814815,64.13788147276365,93.1486183449074,95.67263454861111,95.9541015625
dataC,F2-5.png,106.03193721064815,62.98977735700043,103.58908420138889,106.54293258101852,109.78873697916667
dataC,F2-54.png,106.98328993055556,62.77774290573367,104.21184172453704,107.75065104166667,110.43623408564815
dataC,F67-35.png,118.80396412037037,60.915328197437226,116.08604600694444,119.11320891203704,124.27918836805556
dataC,F3-45.png,84.51674623842592,64.69363291917598,79.89854600694444,85.52604166666667,91.30627893518519
dataC,04_00_244.png,83.10434751157408,57.777342900369874,80.0275245949074,83.70645254629629,87.9050925925926
dataC,F4-5.png,75.55580873842592,59.930168868384214,71.7169777199074,76.73079427083333,79.45402922453704
dataC,05_00_074.png,78.38295717592592,50.448647329859284,71.71997974537037,80.30121527777777,86.09241174768519
dataC,05_00_054.png,78.55602575231481,50.597754734251644,72.70106336805556,80.49714265046296,84.07942708333333
dataC,06_00_055.png,42.904947916666664,45.17002913692976,41.478190104166664,43.517361111111114,43.518771701388886
dataC,08_00_145.png,97.53700086805556,61.57299454287919,91.15603298611111,99.33962673611111,104.73705150462963
dataC,02_02_054.png,73.62622974537037,57.40638056516932,69.8136574074074,74.85214120370371,77.06098090277777
dataC,F9-5.png,104.75238715277777,62.61923835333646,105.49569589120371,106.55461516203704,93.45764612268519
dataC,08_00_184.png,108.54698350694444,59.362918169051,101.87836371527777,110.51880787037037,115.65719039351852
dataC,06_00_065.png,49.632486979166664,47.52003974666294,48.525535300925924,50.14695457175926,50.043692129629626
dataC,04_00_024.png,81.44202112268519,61.57187577242527,76.0021339699074,82.78909866898148,88.52466724537037
dataC,04_00_045.png,92.34273726851852,58.94468647936708,86.3845847800926,93.8220847800926,100.1417824074074
dataC,F64-24.png,124.56188512731481,62.94762164905585,137.66438802083334,122.5060402199074,100.88219762731481
dataC,F3-85.png,83.34939236111111,65.87410197909396,78.55978732638889,84.55063657407408,89.53891782407408
dataD,09_00_107.png,96.67621527777777,76.9419413355685,94.2316261574074,97.12955729166667,100.37123842592592
dataD,F6-87.png,124.42646846064815,64.42684628717184,119.76255063657408,125.81506799768519,129.39275896990742
dataD,F61-16.png,76.7888816550926,61.03975593752402,86.81535734953704,74.21021412037037,64.01558883101852
dataD,F3-16.png,84.40491174768519,63.97506737207323,78.58268229166667,85.78432436342592,92.40436921296296
dataD,07_00_057.png,78.13972077546296,49.31845216897353,72.56615306712963,79.69104456018519,84.8331886574074
dataD,F3-96.png,89.78844762731481,63.07336069384837,85.25477430555556,90.88610387731481,95.82175925925925
dataD,F10-46.png,108.97066695601852,60.24230143146949,102.31221064814815,110.72952835648148,117.24385127314815
dataD,09_00_067.png,101.7335792824074,74.92447044296439,99.12344473379629,102.33550347222223,105.08843315972223
dataD,F66-97.png,103.04434317129629,59.32223277678423,105.22131799768519,104.46082899305556,89.91995804398148
dataD,02_02_186.png,88.2130714699074,60.758173281575786,84.08054832175925,90.18898292824075,88.67834924768519
dataD,F64-66.png,125.98079427083333,62.96826515119772,139.43341290509258,123.77039930555556,102.20945457175925
dataD,02_01_136.png,60.46827980324074,43.31191468751482,57.627133969907405,61.571940104166664,62.45113570601852
dataD,F10-86.png,84.98763020833333,63.45631670208776,79.16576244212963,86.8701171875,90.41576244212963
dataD,F8-7.png,91.41399016203704,64.93165351175601,84.8525390625,93.03797743055556,100.00256799768519
dataD,F7-96.png,140.88780381944446,69.64352435750028,151.18963396990742,139.61469184027777,120.36606626157408
dataD,F68-97.png,121.05515769675925,54.96051392082309,132.24663628472223,117.76312934027777,108.88393373842592
dataD,04_00_156.png,78.19589120370371,58.452514365629206,74.236328125,79.09403935185185,83.76584201388889
dataD,F68-27.png,115.92769820601852,58.15059250545354,126.14572482638889,113.09501591435185,103.85586660879629
dataD,F62-17.png,92.67350260416667,64.49454405914716,90.96260127314815,93.21607349537037,94.66203703703704
dataD,05_00_097.png,78.20630787037037,50.653765268785456,71.14832899305556,79.98611111111111,87.58166956018519
dataD,09_00_247.png,85.75155526620371,75.40631221916598,84.18240017361111,85.91749855324075,88.76555266203704
dataD,03_00_126.png,93.23813657407408,56.84910255325916,102.86812789351852,90.71813512731481,80.90024594907408
dataD,06_00_107.png,61.065719039351855,48.62950355990079,56.94184027777778,62.255642361111114,65.86606626157408
dataD,09_00_137.png,95.6495949074074,77.83514128326549,93.1652199074074,96.13491030092592,99.26931423611111
dataD,03_01_056.png,54.00379774305556,57.86272611819687,50.775535300925924,56.1480396412037,51.354636863425924
dataD,03_01_177.png,93.1689453125,65.34872064506436,89.59414785879629,94.92668547453704,93.44769965277777
dataD,02_02_007.png,79.45070167824075,61.63537553234696,74.47999855324075,81.01041666666667,84.26667390046296
dataD,F9-46.png,104.59147135416667,59.91114981366988,105.3888527199074,106.67650462962963,91.81344039351852
dataD,F69-26.png,93.82421875,64.26223709595821,101.42458767361111,92.33865017361111,81.49960214120371
dataD,F70-47.png,103.30754484953704,57.06805032453592,97.30045572916667,104.86404079861111,110.71256510416667
dataD,05_00_236.png,63.59968171296296,47.7545844453372,58.552408854166664,65.17531105324075,68.9404296875
dataD,02_02_197.png,88.53526475694444,60.66637561005937,83.712890625,90.90657552083333,88.72432002314815
dataD,F10-17.png,76.03812210648148,62.29253988939337,70.13393373842592,78.33326099537037,79.5392433449074
dataD,08_00_247.png,110.36060474537037,59.04265869534364,103.4412254050926,112.4296875,117.63151041666667
dataD,06_00_106.png,61.7822265625,48.666017027587706,57.72554976851852,62.9921875,66.31304253472223
dataD,03_00_246.png,107.56955295138889,55.18916079882552,116.88259548611111,105.09465422453704,95.93988715277777
dataD,F4-47.png,74.05331307870371,60.20012181379864,70.26150173611111,75.24909577546296,77.71715856481481
dataD,10_00_176.png,77.69079137731481,62.25735699715105,72.66829427083333,79.48477285879629,81.42910879629629
dataD,F69-17.png,97.37196180555556,63.446468060450485,104.49446614583333,95.80146846064815,86.69281684027777
dataD,02_01_047.png,49.106264467592595,43.342479417991754,45.877640335648145,50.45797164351852,50.890407986111114
dataD,05_00_146.png,76.57638888888889,51.10802328761389,69.99905960648148,78.5499855324074,83.83268229166667
dataD,02_01_236.png,71.41630497685185,52.061617114958906,65.83062065972223,73.16474971064815,77.20681423611111
dataD,05_00_066.png,73.67588975694444,52.422531112425474,66.46459056712963,75.54716435185185,82.9929832175926
dataD,F8-76.png,100.27578848379629,61.53005763921313,93.28776041666667,102.26602285879629,108.00553385416667
dataD,04_00_247.png,83.04430700231481,57.80748812232055,79.96317997685185,83.64655671296296,87.87651909722223
dataD,04_00_137.png,72.74377893518519,56.467132017974755,68.45652488425925,73.74229600694444,78.63357204861111
dataD,F7-36.png,149.9624927662037,68.08424656654284,161.04633246527777,148.13234230324073,130.19538483796296
dataD,F1-17.png,110.75242332175925,53.6534663992593,112.3818359375,112.38147424768519,98.18601707175925
dataD,07_00_197.png,52.0771484375,43.94470663363537,47.81687644675926,53.32183159722222,56.982675057870374
dataD,F65-87.png,119.87669994212963,65.92378704554788,133.13689959490742,117.74819155092592,96.23498987268519
dataD,10_00_106.png,83.80067274305556,62.5375467391517,77.91460503472223,85.53559027777777,90.09512442129629
dataD,F67-97.png,98.56770833333333,60.95800677328132,95.58029513888889,98.83987991898148,105.0792824074074
dataD,04_00_057.png,93.3875144675926,56.017847249166266,88.18109809027777,94.73723234953704,99.85879629629629
dataD,10_00_146.png,79.55671296296296,62.2126592375195,73.70746527777777,81.49189814814815,84.71046730324075
dataD,02_00_117.png,82.69596354166667,71.91842746752357,80.49960214120371,83.13668258101852,86.13219762731481
dataD,02_00_156.png,78.30392795138889,70.32148581815552,76.40961371527777,78.44173177083333,82.49826388888889
dataD,F1-87.png,113.71003327546296,53.39830309808243,115.45547598379629,115.30881076388889,100.76783130787037
dataD,02_00_056.png,85.17151331018519,72.47516254286695,83.61867042824075,85.40469473379629,88.0968605324074
dataD,03_01_107.png,78.19469762731481,61.13182540623394,74.54047309027777,80.23867910879629,77.18337673611111
dataD,F65-16.png,124.68558304398148,64.60074691689582,138.39832899305554,122.20981626157408,101.58156105324075
dataD,04_00_236.png,83.14330150462963,57.78290228325324,80.078125,83.74323640046296,87.92780671296296
dataD,02_01_026.png,54.472945601851855,42.17999322929569,52.324037905092595,55.681929976851855,54.064778645833336
dataD,09_00_216.png,98.76179108796296,75.52109270934993,96.21806278935185,99.36411313657408,102.04401765046296
dataD,03_01_047.png,57.078956886574076,56.971170675089304,53.57316984953704,59.361183449074076,54.45164207175926
dataD,F1-36.png,114.48061342592592,53.523714027346,115.87311921296296,116.181640625,101.96046730324075
dataD,F4-67.png,88.04654947916667,60.012124152048614,82.86270254629629,89.60199652777777,93.42585358796296
dataD,F3-26.png,84.33817997685185,63.5349820075634,78.69216579861111,85.70178674768519,91.9777199074074
dataD,F67-46.png,117.42867476851852,59.85088450685605,114.6435546875,117.76750578703704,122.93370225694444
dataD,02_01_106.png,60.43981481481482,43.03773622570429,58.102322048611114,61.41102430555556,61.824363425925924
dataD,09_00_217.png,99.37764033564815,75.40034403080925,96.86078559027777,99.98965567129629,102.54271556712963
dataD,02_02_037.png,79.14597800925925,57.643598629772036,75.26421440972223,80.4035011574074,82.57917390046296
dataD,08_00_217.png,108.55758101851852,60.17554143865733,101.95203993055556,110.51848234953704,115.53938802083333
dataD,10_00_206.png,100.59313512731481,59.43326885505402,93.78414351851852,102.6466652199074,107.61610243055556
dataD,F61-17.png,77.70619936342592,61.69279853407561,87.76273148148148,75.13997395833333,64.78645833333333
dataD,04_00_216.png,83.20091869212963,57.831000823728274,80.15617766203704,83.79372829861111,87.95290798611111
dataD,04_00_197.png,83.12416811342592,58.02713246615661,80.11877893518519,83.71231192129629,87.82259114583333
dataD,F2-67.png,94.52615017361111,60.31629326652783,90.85807291666667,96.19802517361111,95.783203125
dataD,02_00_197.png,76.61776620370371,72.56311323223804,75.37333622685185,76.77785011574075,79.01363570601852
dataD,10_00_197.png,91.04673032407408,61.35169586388003,85.02376302083333,93.10883246527777,95.98397714120371
dataD,05_00_037.png,72.02756076388889,52.737848907764366,63.84429253472222,73.9228515625,83.74641927083333
dataD,F3-97.png,90.14236111111111,62.88050137539816,85.634765625,91.23397714120371,96.13411458333333
dataD,02_01_086.png,54.50329137731482,42.548808481219126,51.087203414351855,55.640914351851855,57.754738136574076
dataD,04_00_127.png,72.4171730324074,55.6705891280136,67.35210503472223,73.67353877314815,79.02419704861111
dataD,02_01_087.png,54.6078197337963,42.63476327196923,51.091616030092595,55.739510995370374,58.13219762731482
dataD,05_00_096.png,77.89131221064815,50.79285315913514,70.9601417824074,79.67910879629629,86.92795138888889
dataD,09_00_246.png,85.75267650462963,75.9524816616036,84.7431640625,85.66746238425925,88.5167824074074
dataD,F9-96.png,102.55501302083333,61.867766460478265,102.8701171875,104.91257957175925,89.6554542824074
dataD,F5-76.png,157.61295572916666,64.30374721083602,168.72721354166666,155.7714482060185,137.86328125
dataD,F61-7.png,76.49457465277777,59.4909999862324,87.05964265046296,73.70511429398148,63.35973668981482
dataD,05_00_137.png,75.65845630787037,52.097763210420574,69.53768807870371,77.4796730324074,82.5037254050926
dataD,06_00_166.png,43.272605613425924,44.568927113126435,43.27137586805556,43.34816261574074,43.03266059027778
dataD,08_00_007.png,95.13747829861111,61.18354838567569,89.16883680555556,96.83604600694444,101.87301070601852
dataD,09_00_116.png,94.81589988425925,77.70823208271136,92.37174479166667,95.27253327546296,98.47696035879629
dataD,03_01_096.png,72.73017939814815,61.85896290087249,69.28002025462963,74.91749855324075,70.42574508101852
dataD,F63-47.png,108.42013888888889,69.65057298562648,118.42726417824075,106.06810619212963,94.22992621527777
dataD,07_00_186.png,51.70301649305556,44.0240427083529,46.828305844907405,53.24992766203704,56.69932725694444
dataD,F62-36.png,94.99486400462963,64.04878558901103,93.19343171296296,95.77586082175925,96.01938657407408
dataD,02_01_196.png,62.943504050925924,53.78254214925548,56.34870515046296,64.38697193287037,72.81058304398148
dataD,02_01_067.png,49.96422887731482,40.24456737691465,46.087058738425924,51.371817129629626,52.975441261574076
dataD,F65-46.png,118.42429832175925,65.52373347350436,131.79611545138889,116.27318431712963,94.56937210648148
dataD,F5-86.png,157.39113136574073,64.32319818466591,168.47677951388889,155.5530960648148,137.69701244212962
dataD,06_00_007.png,54.09812644675926,47.50532483515403,50.772135416666664,54.99417679398148,58.35340711805556
dataD,F7-86.png,143.9082392939815,67.82842666995485,154.5341435185185,142.18901909722223,124.83391203703704
dataD,04_00_036.png,95.64105902777777,58.70798027879598,89.41710069444444,97.16030092592592,103.92429832175925
dataD,F10-77.png,83.6267722800926,63.14687684237762,77.49128327546296,85.45348668981481,90.18659577546296
dataD,F2-36.png,109.45301649305556,64.45650712743124,106.83152488425925,110.12467447916667,112.78125
dataD,10_00_026.png,76.15755208333333,62.0511789003218,70.65845630787037,78.2452980324074,79.59436487268519
dataD,F70-97.png,76.8449074074074,61.98362757142181,71.26909722222223,78.34465422453704,83.53551793981481
dataD,03_00_096.png,79.0525535300926,55.467994139255595,85.55787037037037,77.97493489583333,67.5330222800926
dataD,F69-87.png,74.1337890625,55.844783403779054,80.1345847800926,74.29264322916667,57.541739004629626
dataD,09_00_146.png,97.51725260416667,76.796333152573,94.90346498842592,98.02105034722223,101.33836082175925
dataD,F65-27.png,121.6787109375,64.9395020358898,131.16916232638889,120.58423755787037,102.50231481481481
dataD,F9-37.png,104.59758391203704,59.92082592054687,105.40339265046296,106.68547453703704,91.82045717592592
dataD,F64-86.png,125.04000289351852,64.48246764930379,138.9515697337963,122.4318214699074,102.13266782407408
dataD,02_01_186.png,69.99262152777777,52.40924505799419,62.949001736111114,71.88588686342592,78.93872974537037
dataD,07_00_166.png,52.5458984375,43.825234482851926,49.419126157407405,53.554904513888886,55.74363425925926
dataD,03_00_176.png,97.50817418981481,56.21149342765949,106.29296875,95.38100405092592,85.33459924768519
dataD,F8-96.png,87.70171440972223,63.362052904070325,81.34157986111111,89.77676504629629,93.37434895833333
dataD,09_00_176.png,110.48046875,73.90494734315263,108.7286964699074,110.71835214120371,113.53551793981481
dataD,04_00_226.png,83.17751736111111,57.780595158085866,80.12452980324075,83.77864583333333,87.95203993055556
dataD,F68-67.png,117.0607277199074,57.164541105228416,127.15570746527777,114.5427879050926,103.74699797453704
dataD,07_00_127.png,76.3488136574074,48.329541443499004,71.10308159722223,77.86313657407408,82.51804832175925
dataD,F5-7.png,158.62847222222223,62.71332161853479,169.2763310185185,156.86603009259258,139.69129774305554
dataD,04_00_056.png,93.82411024305556,56.03252250371252,88.57335069444444,95.17607060185185,100.41044560185185
dataD,03_01_187.png,92.14601417824075,65.6754500581023,88.66930700231481,93.93012152777777,92.02376302083333
dataD,10_00_047.png,78.57533998842592,65.426995454377,72.25560619212963,80.83315248842592,83.37246817129629
dataD,10_00_167.png,73.73441116898148,63.49586030554192,67.92350260416667,75.74551504629629,78.45088252314815
dataD,07_00_227.png,52.25387008101852,43.94538673796254,47.94397424768518,53.537796585648145,57.11433015046296
dataD,F67-47.png,117.05222800925925,59.958728626902136,114.25455729166667,117.39807581018519,122.54640480324075
dataD,F64-16.png,117.07389322916667,65.64514462533357,129.3319950810185,115.56000434027777,92.86631944444444
dataD,10_00_247.png,88.78591579861111,62.05412654119276,82.06919126157408,90.65939670138889,96.5691550925926
dataD,F66-57.png,110.55852141203704,57.19085932767449,113.21690538194444,111.91916232638889,96.44263599537037
dataD,04_00_077.png,75.1906105324074,58.64197351446514,70.42918113425925,76.43590856481481,80.96780960648148
dataD,F9-77.png,105.59884982638889,60.35755904253364,106.04499421296296,107.83000578703704,93.00911458333333
dataD,09_00_147.png,98.06325954861111,76.80824232707934,95.43001302083333,98.57273582175925,101.89330150462963
dataD,02_01_027.png,54.240234375,42.421096402240906,52.15881799768518,55.45713975694444,53.63132957175926
dataD,02_02_106.png,82.82707609953704,58.61114039795045,78.00415943287037,84.45164207175925,86.87311921296296
dataD,03_01_077.png,61.428493923611114,60.61731069760307,57.90270543981482,63.83600983796296,58.21871383101852
dataD,02_00_127.png,79.59819878472223,72.91651224941474,77.54568142361111,79.82038483796296,83.79644097222223
dataD,02_01_116.png,60.54633246527778,43.274249687976,57.93641493055556,61.54210069444444,62.500723379629626
dataD,02_00_226.png,86.99533420138889,73.68600939293555,85.35970052083333,87.26866319444444,89.73867910879629
dataD,03_01_237.png,92.85170717592592,65.7114691572066,90.07118055555556,94.11758535879629,93.54213686342592
dataD,F6-17.png,107.07975260416667,69.24978250147285,102.82197627314815,109.29470486111111,106.83322482638889
dataD,04_00_157.png,76.55949797453704,58.261705194466735,72.65382667824075,77.42064525462963,82.16460503472223
dataD,F68-7.png,113.46831597222223,57.00217461687703,125.34939236111111,110.13194444444444,99.67578125
dataD,F69-76.png,85.54011140046296,56.85817552221002,91.68203848379629,85.1349464699074,71.56539351851852
dataD,F64-6.png,118.54304108796296,65.12876279303069,131.53396267361111,116.54503038194444,94.9129050925926
dataD,03_01_226.png,88.57020399305556,65.82717911801683,85.86747685185185,89.78725405092592,89.27275028935185
dataD,F65-26.png,122.83814380787037,63.92792003709982,133.43138744212962,121.38632089120371,102.62000868055556
dataD,05_00_107.png,75.42165798611111,51.25341223086164,69.41858362268519,77.24370659722223,81.98278356481481
dataD,F2-27.png,107.68742766203704,64.06796068355291,105.16677517361111,108.29231770833333,111.13892505787037
dataD,03_00_046.png,103.1378761574074,59.224138392130435,113.64199942129629,100.71487991898148,88.02445023148148
dataD,F8-87.png,95.71252893518519,62.20414558887896,89.10951967592592,97.68315972222223,102.57255497685185
dataD,07_00_147.png,57.912868923611114,43.138054544683214,53.14879918981482,59.489402488425924,62.500723379629626
dataD,F70-17.png,109.34780092592592,56.73788848693384,103.36570457175925,110.97902199074075,116.51566116898148
dataD,08_00_066.png,101.67118778935185,58.828534169975704,95.81893807870371,103.39442274305556,107.88610387731481
dataD,05_00_047.png,77.82421875,50.41891628041962,71.77857349537037,79.70638020833333,84.21636284722223
dataD,F4-87.png,91.17632378472223,59.71697553106682,86.25849971064815,92.59208622685185,96.63306568287037
dataD,02_01_056.png,47.257486979166664,41.16835879118484,43.350405092592595,48.54206452546296,50.96766493055556
dataD,F68-36.png,116.20370370370371,56.98466760108945,125.99746817129629,113.31821469907408,105.4347511574074
dataD,10_00_227.png,96.58897569444444,60.76620901913562,89.79748987268519,98.63729745370371,103.69733796296296
dataD,F62-47.png,94.90183738425925,64.10816675927592,93.13762297453704,95.6640625,95.92154947916667
dataD,F2-57.png,104.84045862268519,62.210794789885156,101.87944878472223,105.79958767361111,107.72829861111111
dataD,F2-6.png,106.10054976851852,62.99423235410477,103.71419270833333,106.58467158564815,109.81839554398148
dataD,F67-37.png,120.66399016203704,58.909934391053575,117.87040653935185,120.9767433449074,126.31929976851852
dataD,F3-56.png,86.09870515046296,62.247359647181725,80.50028935185185,87.47486255787037,93.55454282407408
dataD,04_00_246.png,83.08004195601852,57.79529582200728,79.99526186342592,83.67824074074075,87.89601417824075
dataD,F4-57.png,79.02152054398148,61.19096508841673,74.57230179398148,80.51909722222223,82.8068214699074
dataD,05_00_076.png,79.94133391203704,50.84856501492604,73.59798177083333,81.79915364583333,87.16203703703704
dataD,05_00_056.png,78.02535445601852,50.65307907089369,72.14322916666667,79.9501953125,83.63628472222223
dataD,06_00_057.png,44.611653645833336,46.779852247387936,43.4326171875,45.31684027777778,44.19133391203704
dataD,08_00_147.png,97.75169994212963,61.96426128546213,91.14742476851852,99.64218026620371,105.11187065972223
dataD,02_02_056.png,72.38046151620371,57.30976889688053,68.53870081018519,73.63219762731481,75.7488425925926
dataD,F9-57.png,104.60018807870371,59.896596154267435,105.40682870370371,106.68012152777777,91.81083622685185
dataD,08_00_186.png,108.86686197916667,59.0028446889255,102.4044777199074,110.81163194444444,115.54336660879629
dataD,06_00_067.png,46.486545138888886,45.53430030374792,45.412109375,46.807798032407405,47.755099826388886
dataD,04_00_026.png,82.85268373842592,61.184614979010234,77.46028645833333,84.20225694444444,89.83340567129629
dataD,04_00_047.png,91.58174189814815,58.858430051858285,85.73376012731481,93.0343605324074,99.2195457175926
dataD,F64-26.png,125.13038917824075,62.36853214252831,138.12572337962962,123.09501591435185,101.61859809027777
dataD,F3-87.png,81.46028645833333,67.05569338562685,76.76450376157408,82.61360677083333,87.76783130787037
dataE,09_00_109.png,93.73158998842592,77.04561040391883,91.31629774305556,94.17390046296296,97.44965277777777
dataE,F6-9.png,102.18659577546296,69.62836781628329,97.94299768518519,104.4777199074074,101.53389033564815
dataE,F61-18.png,79.4892578125,62.24311874244384,89.54933449074075,76.95923755787037,66.33315248842592
dataE,F3-18.png,84.40237991898148,64.39462195431561,78.69422743055556,85.78584346064815,92.09320746527777
dataE,07_00_059.png,78.16196469907408,49.29524395379367,72.583984375,79.71676070601852,84.85836226851852
dataE,F3-98.png,90.26555266203704,62.85344054345335,85.77868200231481,91.35022424768519,96.24537037037037
dataE,F10-48.png,108.7322410300926,60.22444120251236,102.029296875,110.47403067129629,117.19509548611111
dataE,09_00_069.png,102.15784143518519,74.63190515213245,99.58702256944444,102.64312065972223,105.99952980324075
dataE,F66-99.png,103.32609953703704,59.13538635629779,105.33232060185185,104.79141348379629,90.3748191550926
dataE,02_02_188.png,88.23538773148148,60.734366468070654,84.09147135416667,90.2166160300926,88.70026765046296
dataE,F64-69.png,122.20963541666667,64.70356890044816,135.42570891203704,120.18912760416667,98.10387731481481
dataE,02_01_138.png,60.483145254629626,43.311389403119705,57.648763020833336,61.57953559027778,62.477864583333336
dataE,F10-89.png,82.84270109953704,62.576013066353546,76.83619068287037,84.8370949074074,88.20305266203704
dataE,F8-79.png,99.05855758101852,61.78417102212871,92.00231481481481,101.09103732638889,106.76750578703704
dataE,F7-98.png,142.94205729166666,70.26414468318261,154.2867115162037,141.06199363425927,122.84107349537037
dataE,F68-99.png,120.80794270833333,55.17442098377532,132.24055989583334,117.31058304398148,109.07667824074075
dataE,04_00_158.png,76.56184895833333,58.42854959627139,72.75886140046296,77.3849464699074,82.10290075231481
dataE,F68-29.png,119.43236400462963,57.2745275881135,129.62489149305554,116.38519965277777,108.57298900462963
dataE,F62-19.png,93.28327546296296,64.39399704713574,91.55338541666667,93.82027633101852,95.37348090277777
dataE,05_00_099.png,78.0906394675926,50.35346232551908,71.20464409722223,79.89525462962963,86.91427951388889
dataE,09_00_249.png,85.82939091435185,73.52046737578128,83.4054542824074,86.34375,89.35561342592592
dataE,03_00_128.png,95.65603298611111,56.23538547084449,105.14775028935185,93.16872829861111,83.51714409722223
dataE,06_00_109.png,58.85243055555556,48.28874331933808,54.68742766203704,60.02875434027778,63.82873987268518
dataE,09_00_139.png,95.63472945601852,77.82314745053647,93.14398871527777,96.12000868055556,99.25423177083333
dataE,03_01_058.png,57.753689236111114,58.474914562493595,54.51077835648148,59.87112991898148,55.30750868055556
dataE,03_01_179.png,94.43880208333333,65.07829720841255,90.82845052083333,96.20345052083333,94.74569589120371
dataE,02_02_009.png,79.95062934027777,61.958187278304244,74.87015335648148,81.52278645833333,85.01522714120371
dataE,F9-48.png,104.60170717592592,59.903015269725735,105.39547164351852,106.68522135416667,91.8142722800926
dataE,F69-28.png,93.65299479166667,64.53578694257494,100.99320023148148,92.18478732638889,81.86610243055556
dataE,F70-49.png,105.06868489583333,55.896263175250304,99.02275028935185,106.62702546296296,112.50719762731481
dataE,05_00_238.png,60.893337673611114,48.01312319581163,55.521267361111114,62.43746383101852,67.19683159722223
dataE,02_02_199.png,87.80790653935185,60.401520728326915,82.92769820601852,90.23216869212963,87.86324508101852
dataE,F10-19.png,75.91265190972223,62.80004830237818,69.68619791666667,78.2306495949074,80.16055410879629
dataE,08_00_249.png,110.37489149305556,59.02724282325234,103.4656394675926,112.44368489583333,117.64069733796296
dataE,06_00_108.png,60.12901475694444,48.72981790971776,56.00477430555556,61.30023871527778,65.02311197916667
dataE,03_00_248.png,108.75925925925925,55.085576190112356,117.85579427083333,106.25477430555556,97.8165870949074
dataE,F4-49.png,74.2736183449074,60.5494317940503,70.44986979166667,75.49735966435185,77.87959346064815
dataE,10_00_178.png,79.50028935185185,61.62641622243586,74.83116319444444,81.1310402199074,83.13089554398148
dataE,F69-19.png,97.00698061342592,63.796789647947506,104.45399305555556,95.47471788194444,85.33253761574075
dataE,02_01_049.png,48.98498987268518,43.811351151094435,45.653971354166664,50.29307725694444,51.177951388888886
dataE,05_00_148.png,77.24171730324075,50.944768995110984,70.53150318287037,79.24848090277777,84.67527488425925
dataE,02_01_238.png,71.32154224537037,52.307800842581976,65.80580873842592,73.0437644675926,77.07186776620371
dataE,05_00_068.png,75.51345486111111,51.232075044947734,68.60308159722223,77.36613859953704,84.2195457175926
dataE,F8-8.png,91.2039207175926,64.88818738816406,84.66746238425925,92.82168692129629,99.77416087962963
dataE,04_00_249.png,83.02318431712963,57.81094721977912,79.93319589120371,83.62293836805556,87.87000868055556
dataE,04_00_139.png,73.96061197916667,56.44823931728354,69.20583767361111,75.24844473379629,79.57190393518519
dataE,F7-38.png,158.38841869212962,65.77639606983502,170.27752459490742,156.14984809027777,138.65049913194446
dataE,F1-19.png,110.95992476851852,53.702241647630046,112.43753616898148,112.64265046296296,98.5076316550926
dataE,07_00_199.png,52.08405671296296,43.962517348026005,47.7880859375,53.3408203125,57.02141203703704
dataE,F65-9.png,124.54043692129629,64.42524749010245,138.2353515625,122.12550636574075,101.17361111111111
dataE,10_00_108.png,82.10756655092592,61.56968552287884,75.62004484953704,84.28573495370371,87.75032552083333
dataE,F67-99.png,98.59121817129629,60.54161766236331,95.5166015625,98.87604890046296,105.26229745370371
dataE,04_00_059.png,93.3359375,55.93512364744023,88.15581597222223,94.67943431712963,99.72413917824075
dataE,10_00_148.png,77.13816550925925,62.22110174455239,71.4685691550926,79.05891927083333,81.87612123842592
dataE,02_00_119.png,81.7488425925926,71.8654990607985,79.27144820601852,82.22421151620371,85.72970920138889
dataE,02_00_158.png,77.25951244212963,69.89500460010947,75.46885850694444,77.25520833333333,81.8779296875
dataE,F1-9.png,111.25347222222223,53.54182732988576,112.5343605324074,112.9181495949074,99.19929108796296
dataE,02_00_058.png,85.25264033564815,72.46451635735096,83.37735098379629,85.65483940972223,88.13024450231481
dataE,03_01_109.png,79.82725694444444,61.465508343875406,76.13519965277777,81.84787326388889,79.01558883101852
dataE,F65-18.png,125.41659432870371,64.19290805032094,138.62058738425927,123.1535011574074,102.55721932870371
dataE,04_00_238.png,83.14272280092592,57.78258761190971,80.07421875,83.73701533564815,87.9324363425926
dataE,02_01_028.png,54.561197916666664,42.850492761819396,52.6298828125,55.77058015046296,53.63805700231482
dataE,09_00_218.png,98.89460358796296,75.30913837079724,96.3663917824074,99.52191840277777,101.99772135416667
dataE,03_01_049.png,54.933376736111114,59.08774301341533,51.613462094907405,57.084707754629626,52.51359953703704
dataE,F1-38.png,114.04286024305556,53.67678456190029,115.43565538194444,115.78696469907408,101.39214409722223
dataE,F4-78.png,89.85141782407408,60.80217988697686,84.87991898148148,91.29748987268519,95.36411313657408
dataE,F3-28.png,83.94882089120371,63.91336202319938,78.36147280092592,85.29662181712963,91.56832320601852
dataE,F67-48.png,116.75094039351852,60.33279948146574,113.93051938657408,117.10177951388889,122.26750578703704
dataE,02_01_108.png,60.479202835648145,43.190506492084225,57.970052083333336,61.470015914351855,62.19675925925926
dataE,09_00_219.png,98.43713831018519,75.45633566381773,95.88234230324075,99.06995081018519,101.59302662037037
dataE,02_02_039.png,79.02173755787037,57.62441436887574,74.89033564814815,80.3523582175926,82.75358072916667
dataE,08_00_219.png,108.02470341435185,60.322357585203456,101.48933015046296,109.98108362268519,114.8142722800926
dataE,10_00_208.png,101.42921730324075,59.315331091896645,94.65375434027777,103.42842158564815,108.66417100694444
dataE,F61-19.png,80.60304542824075,62.42004446557342,90.68532986111111,78.09523292824075,67.23318142361111
dataE,04_00_218.png,83.19140625,57.83957732955307,80.15245225694444,83.78913483796296,87.95746527777777
dataE,04_00_199.png,83.20059317129629,57.97169944524176,80.18467881944444,83.79408998842592,87.90292245370371
dataE,F2-78.png,100.48368778935185,64.90036061968038,98.96137152777777,100.7312644675926,103.47352430555556
dataE,02_00_199.png,76.59903067129629,72.55150650195984,75.5144675925926,76.68500434027777,78.97030526620371
dataE,10_00_199.png,92.12745949074075,61.43331907163183,86.05891927083333,94.1935402199074,97.19017650462963
dataE,05_00_039.png,73.33879484953704,52.20633652789049,65.78620515046296,75.25553385416667,83.2859519675926
dataE,F3-99.png,90.11031539351852,62.97691523490725,85.53331163194444,91.2169777199074,96.19867621527777
dataE,02_01_088.png,54.71296296296296,42.920343556283065,51.245298032407405,55.822591145833336,58.23430266203704
dataE,04_00_129.png,72.10456452546296,55.88017142464324,67.16590711805556,73.32183159722223,78.55005787037037
dataE,02_01_089.png,55.430917245370374,43.105803753927226,52.0435474537037,56.547996238425924,58.73292824074074
dataE,05_00_098.png,78.22395833333333,50.50029481214941,71.21715856481481,80.01142939814815,87.46864149305556
dataE,09_00_248.png,85.8250144675926,74.36645595084148,83.74497251157408,86.21115451388889,89.11939380787037
dataE,F9-98.png,102.19321469907408,62.05237851729888,102.46708622685185,104.58705873842592,89.21701388888889
dataE,F5-8.png,159.43898292824073,63.744523373655774,170.33684172453704,157.63454861111111,140.0282841435185
dataE,F61-79.png,87.60232204861111,65.26927578284355,98.15368200231481,85.85261140046296,69.10109230324075
dataE,05_00_139.png,75.27191840277777,52.359488622485195,69.09505208333333,77.09740306712963,82.25509982638889
dataE,06_00_168.png,44.41540075231482,45.33787369169355,44.569589120370374,44.498191550925924,43.7134693287037
dataE,08_00_009.png,94.1943359375,61.520723050203046,87.90194589120371,95.99461082175925,101.22786458333333
dataE,09_00_118.png,95.21245659722223,77.78799164782251,92.76526331018519,95.67664930555556,98.86277488425925
dataE,03_01_098.png,74.19520399305556,62.20273911901341,70.77965856481481,76.37724247685185,71.80110677083333
dataE,F63-49.png,109.40538194444444,69.79034681566223,119.52177372685185,107.09986255787037,94.75810185185185
dataE,07_00_188.png,52.071614583333336,43.910112194671925,47.804904513888886,53.33459924768518,56.884476273148145
dataE,F62-38.png,94.95381221064815,64.08433063510681,93.16243489583333,95.73271122685185,95.95710358796296
dataE,02_01_198.png,62.8949291087963,53.73939379403974,56.63049768518518,64.36414930555556,71.78385416666667
dataE,02_01_069.png,50.890480324074076,40.46660019244302,47.14561631944444,52.34132667824074,53.323531539351855
dataE,F65-48.png,119.19198495370371,65.98281611136255,132.7132523148148,116.84653501157408,95.94082754629629
dataE,F5-89.png,156.6312572337963,63.749757643959526,167.57942708333334,154.81922743055554,137.16594328703704
dataE,06_00_009.png,54.98969184027778,47.907518020871045,51.25484664351852,56.01667390046296,59.62756799768518
dataE,F7-89.png,142.23072193287038,69.83769140202324,152.73618344907408,140.64485677083334,122.76370804398148
dataE,04_00_038.png,95.45073784722223,58.81063868015,89.07960792824075,97.04944299768519,103.7451171875
dataE,F10-88.png,83.6336082175926,63.0949118254831,77.66807725694444,85.62727864583333,88.88570601851852
dataE,F2-38.png,109.95388454861111,64.2141143464066,107.31221064814815,110.64655671296296,113.28953269675925
dataE,10_00_028.png,76.27379918981481,62.61681656611127,70.86172598379629,78.23828125,80.15939670138889
dataE,F70-99.png,76.04741753472223,62.18882863007344,70.40389901620371,77.53088831018519,83.03660300925925
dataE,03_00_098.png,80.66221788194444,55.423065907152704,87.36046006944444,79.43348524305556,69.38274016203704
dataE,F69-9.png,94.52126736111111,62.9260977268566,101.68041087962963,93.49638310185185,81.0224609375
dataE,09_00_148.png,98.76566116898148,76.85468027869557,96.12839988425925,99.28226273148148,102.58239293981481
dataE,F65-29.png,120.05573640046296,66.19848110122132,130.82584635416666,118.74728732638889,98.66395399305556
dataE,F9-39.png,104.60489004629629,59.913736400100944,105.40082465277777,106.68919994212963,91.82421875
dataE,F64-89.png,124.16149450231481,64.44970211928172,138.00300202546296,121.72471788194444,100.57808883101852
dataE,02_01_188.png,68.64963107638889,52.297082560476305,62.22894965277778,70.43623408564815,76.50441261574075
dataE,07_00_168.png,51.353298611111114,44.50810151231207,48.994791666666664,52.087094907407405,54.037868923611114
dataE,03_00_178.png,97.65440538194444,56.68175313734921,106.16869212962963,95.533203125,86.16901765046296
dataE,F8-98.png,87.52437789351852,63.607103591987475,80.93623408564815,89.68504050925925,93.384765625
dataE,09_00_178.png,106.2033058449074,74.27508418026694,104.37492766203704,106.38154658564815,109.70793547453704
dataE,04_00_228.png,83.16160300925925,57.78245401595788,80.10018807870371,83.76428674768519,87.92697482638889
dataE,F68-78.png,115.15129484953704,56.72989417532847,126.21654369212963,112.15270543981481,101.72855179398148
dataE,07_00_129.png,75.50759548611111,48.13284433008256,70.03074363425925,77.0167824074074,82.31984230324075
dataE,F5-79.png,156.8189380787037,63.76584645666743,167.79658564814815,155.00835503472223,137.3125
dataE,04_00_058.png,93.68988715277777,55.833947152917325,88.52817563657408,95.03005642361111,100.10004340277777
dataE,03_01_189.png,91.8767722800926,66.47114045309488,88.42523871527777,93.6806640625,91.60991753472223
dataE,10_00_049.png,86.49207899305556,65.37926607593587,80.35394965277777,88.6433738425926,91.27701822916667
dataE,10_00_169.png,73.78096064814815,62.56979653035722,68.31745515046296,75.81586371527777,77.45402922453704
dataE,07_00_229.png,52.100839120370374,43.9431931785394,47.76707175925926,53.3876953125,57.0160228587963
dataE,F67-49.png,116.37047887731481,60.7426550751206,113.48980034722223,116.73690682870371,121.89984809027777
dataE,F64-18.png,116.12503616898148,65.62895180726164,128.212890625,114.63223379629629,92.17654079861111
dataE,10_00_249.png,87.66626880787037,61.6682208367082,81.087890625,89.48972800925925,95.31597222222223
dataE,F66-59.png,110.6882957175926,57.06896163508668,113.32454427083333,112.05121527777777,96.67758969907408
dataE,04_00_079.png,72.58662471064815,58.47613180564504,68.04134114583333,73.76457609953704,78.19191261574075
dataE,F9-88.png,104.01663773148148,60.81677331996192,104.32179542824075,106.34827112268519,91.36935763888889
dataE,09_00_149.png,99.47866030092592,77.02258853941282,96.83409288194444,100.01016348379629,103.26027199074075
dataE,02_01_029.png,55.10167100694444,43.23211134666156,53.271267361111114,56.318070023148145,53.916196469907405
dataE,02_02_108.png,80.87557870370371,58.260289706843096,75.91695601851852,82.53526475694444,85.13114872685185
dataE,03_01_079.png,63.58297164351852,59.83000660020393,60.057436342592595,65.96752025462963,60.480251736111114
dataE,02_00_129.png,79.0810546875,73.03596029231426,76.69223813657408,79.48676215277777,83.27271412037037
dataE,02_01_118.png,60.485098379629626,43.29982255466856,57.878110532407405,61.46766493055556,62.47710503472222
dataE,02_00_228.png,86.38418692129629,73.25343638407807,84.80349392361111,86.67165798611111,88.92245370370371
dataE,03_01_239.png,92.96766493055556,65.68624046559118,90.18229166666667,94.2326027199074,93.65610532407408
dataE,F6-19.png,107.81600839120371,68.91324238968626,103.59809027777777,110.03483072916667,107.46202256944444
dataE,04_00_159.png,77.36154513888889,58.2010305193587,73.09928385416667,78.51417824074075,82.40212673611111
dataE,F68-79.png,115.8322120949074,56.331466415349304,126.76186342592592,112.83977141203704,102.69636140046296
dataE,F69-8.png,94.29875578703704,62.76229575252852,101.5173972800926,93.31716579861111,80.44683159722223
dataE,F64-68.png,123.35196035879629,64.2589175187123,136.66004774305554,121.2927879050926,99.19925491898148
dataE,03_01_228.png,90.82725694444444,65.54312048609182,88.06665943287037,92.07544849537037,91.55432581018519
dataE,F65-28.png,120.42458767361111,65.39496963179252,130.3519241898148,119.25329137731481,100.48003472222223
dataE,05_00_109.png,74.80577256944444,51.323049155945064,69.49189814814815,76.41055410879629,80.59722222222223
dataE,F2-29.png,107.98278356481481,64.11919233957603,105.36335358796296,108.65954137731481,111.33441840277777
dataE,03_00_048.png,105.19947193287037,59.75008441812831,114.79781539351852,102.55519386574075,93.69878472222223
dataE,F8-9.png,90.82729311342592,64.78734252401765,84.40017361111111,92.41930700231481,99.22044994212963
dataE,07_00_149.png,58.917824074074076,43.2038527357737,54.34678819444444,60.43153211805556,63.3314525462963
dataE,F70-19.png,109.30114293981481,56.73406132096896,103.2713035300926,110.94643373842592,116.46860532407408
dataE,08_00_068.png,101.90516493055556,59.040070005575934,96.14189091435185,103.62662760416667,107.86436631944444
dataE,05_00_049.png,77.72620081018519,50.73500114040227,71.57743778935185,79.67599826388889,84.02311197916667
dataE,F4-9.png,77.51352719907408,59.71451569529153,73.32577401620371,78.76244212962963,81.89120370370371
dataE,02_01_058.png,49.08648003472222,40.90321588243831,45.26862702546296,50.429036458333336,52.31401909722222
dataE,F68-38.png,115.82902922453704,57.484036513538,126.01132089120371,113.00795717592592,103.74367042824075
dataE,10_00_229.png,95.62626591435185,61.249580499110536,88.42404513888889,97.74403211805556,103.4763816550926
dataE,F62-49.png,94.91858362268519,64.11073492707527,93.15455005787037,95.68077256944444,95.93648726851852
dataE,F2-59.png,104.96632667824075,61.65030565211015,101.8556495949074,106.1076027199074,107.3748191550926
dataE,F2-68.png,95.53938802083333,60.80423376097868,91.72457320601852,97.35611979166667,96.44563802083333
dataE,F67-39.png,120.11385995370371,59.379733476300636,117.30483217592592,120.43793402777777,125.72779224537037
dataE,F3-58.png,85.19643373842592,62.510821449849935,79.68655960648148,86.53833912037037,92.59132667824075
dataE,04_00_248.png,83.02643952546296,57.81522818659996,79.94180410879629,83.62268518518519,87.86046006944444
dataE,F4-59.png,81.54893663194444,60.7880574322507,77.0158058449074,83.01439525462963,85.67650462962963
dataE,05_00_078.png,78.83604600694444,50.02884721821996,71.97348813657408,80.72536892361111,87.22750289351852
dataE,05_00_058.png,80.10720486111111,51.48723120371847,74.6248191550926,81.94947193287037,85.09599247685185
dataE,06_00_059.png,45.926540798611114,46.663543811512774,44.82960792824074,46.607096354166664,45.448893229166664
dataE,08_00_149.png,97.28548177083333,62.701227475644394,90.2996238425926,99.28360098379629,105.11194299768519
dataE,02_02_058.png,70.96408420138889,57.15348403172927,67.07190393518519,72.27408854166667,74.16666666666667
dataE,F9-59.png,104.59367766203704,59.910880167617286,105.39500144675925,106.67639612268519,91.81322337962963
dataE,08_00_188.png,108.53135850694444,59.40749561916632,101.92230902777777,110.49305555555556,115.54387297453704
dataE,06_00_069.png,46.025716145833336,45.429784641834424,44.930410879629626,46.298068576388886,47.576316550925924
dataE,04_00_028.png,84.62532552083333,60.85935627854461,79.14695457175925,86.01229745370371,91.67256221064815
dataE,04_00_049.png,90.88961226851852,58.99043685022362,85.11121961805556,92.33308015046296,98.37105758101852
dataE,F64-28.png,124.27083333333333,62.596742834924456,137.15845630787038,122.2609230324074,100.94281684027777
dataE,F3-9.png,85.28229890046296,63.709548161549954,79.16540075231481,86.75477430555556,93.61056857638889
